ASV1	Melli_45_016-contigs|k141_1186275	98.947	285	3	0	14	298	1049	765	2.44e-144	510
ASV1	Melli_41_001-contigs|k141_1172984	98.947	285	3	0	14	298	409	125	2.44e-144	510
ASV1	Melli_47_001-contigs|k141_195846	98.596	285	4	0	14	298	63105	63389	1.13e-142	505
ASV1	Scapto_89_002-contigs|k141_151098	97.895	285	6	0	14	298	553	269	2.46e-139	494
ASV1	L_Lactobacillus_spSy1-contigs|JACCIU010000001.1	97.895	285	6	0	14	298	4355	4071	2.46e-139	494
ASV1	L_Lactobacillus_spSy1-contigs|JACCIU010000001.1	97.895	285	6	0	14	298	60954	60670	2.46e-139	494
ASV1	L_Lactobacillus_spSy1-contigs|JACCIU010000001.1	97.895	285	6	0	14	298	188599	188315	2.46e-139	494
ASV1	L_Lactobacillus_spSy1-contigs|JACCIU010000001.1	97.895	285	6	0	14	298	1277808	1277524	2.46e-139	494
ASV1	L_Lactobacillus_spSy1-contigs|JACCIU010000001.1	97.895	285	5	1	14	298	827195	827478	8.84e-139	492
ASV1	L_senioris_DSM24302-contigs|AYZR01000005.1	96.842	285	9	0	14	298	694	978	2.47e-134	477
ASV1	F_fructivorans_strainDSM20203-contigs|AZDS01000008.1	96.853	286	7	2	14	298	3312	3028	2.47e-134	477
ASV1	Scapto_92_002-contigs|k141_567391	97.473	277	7	0	14	290	715	991	3.20e-133	473
ASV1	Melli_45_016-contigs|k141_158433	97.473	277	7	0	14	290	17446	17722	3.20e-133	473
ASV1	F_lindneri_strainDSM20690-contigs|JQBT01000013.1	95.088	285	14	0	14	298	509	225	5.39e-126	449
ASV2	Melli_45_016-contigs|k141_1186275	99.298	285	2	0	14	298	1049	765	5.24e-146	516
ASV2	Melli_41_001-contigs|k141_1172984	99.298	285	2	0	14	298	409	125	5.24e-146	516
ASV2	Melli_47_001-contigs|k141_195846	98.947	285	3	0	14	298	63105	63389	2.44e-144	510
ASV2	Scapto_89_002-contigs|k141_151098	98.246	285	5	0	14	298	553	269	5.28e-141	499
ASV2	L_Lactobacillus_spSy1-contigs|JACCIU010000001.1	98.246	285	5	0	14	298	4355	4071	5.28e-141	499
ASV2	L_Lactobacillus_spSy1-contigs|JACCIU010000001.1	98.246	285	5	0	14	298	60954	60670	5.28e-141	499
ASV2	L_Lactobacillus_spSy1-contigs|JACCIU010000001.1	98.246	285	5	0	14	298	188599	188315	5.28e-141	499
ASV2	L_Lactobacillus_spSy1-contigs|JACCIU010000001.1	98.246	285	5	0	14	298	1277808	1277524	5.28e-141	499
ASV2	L_Lactobacillus_spSy1-contigs|JACCIU010000001.1	98.246	285	4	1	14	298	827195	827478	1.90e-140	497
ASV2	L_senioris_DSM24302-contigs|AYZR01000005.1	97.193	285	8	0	14	298	694	978	5.32e-136	483
ASV2	F_fructivorans_strainDSM20203-contigs|AZDS01000008.1	97.203	286	6	2	14	298	3312	3028	5.32e-136	483
ASV2	Scapto_92_002-contigs|k141_567391	97.834	277	6	0	14	290	715	991	6.88e-135	479
ASV2	Melli_45_016-contigs|k141_158433	97.834	277	6	0	14	290	17446	17722	6.88e-135	479
ASV2	F_lindneri_strainDSM20690-contigs|JQBT01000013.1	95.439	285	13	0	14	298	509	225	1.16e-127	455
ASV3	Melli_45_016-contigs|k141_1186275	98.955	287	3	0	12	298	1051	765	1.89e-145	514
ASV3	Melli_41_001-contigs|k141_1172984	98.955	287	3	0	12	298	411	125	1.89e-145	514
ASV3	Melli_47_001-contigs|k141_195846	98.606	287	4	0	12	298	63103	63389	8.77e-144	508
ASV3	Scapto_89_002-contigs|k141_151098	97.909	287	6	0	12	298	555	269	1.90e-140	497
ASV3	L_Lactobacillus_spSy1-contigs|JACCIU010000001.1	97.909	287	6	0	12	298	4357	4071	1.90e-140	497
ASV3	L_Lactobacillus_spSy1-contigs|JACCIU010000001.1	97.909	287	6	0	12	298	60956	60670	1.90e-140	497
ASV3	L_Lactobacillus_spSy1-contigs|JACCIU010000001.1	97.909	287	6	0	12	298	188601	188315	1.90e-140	497
ASV3	L_Lactobacillus_spSy1-contigs|JACCIU010000001.1	97.909	287	6	0	12	298	1277810	1277524	1.90e-140	497
ASV3	L_Lactobacillus_spSy1-contigs|JACCIU010000001.1	97.909	287	5	1	12	298	827193	827478	6.83e-140	496
ASV3	L_senioris_DSM24302-contigs|AYZR01000005.1	96.864	287	9	0	12	298	692	978	1.91e-135	481
ASV3	F_fructivorans_strainDSM20203-contigs|AZDS01000008.1	96.875	288	7	2	12	298	3314	3028	1.91e-135	481
ASV3	Scapto_92_002-contigs|k141_567391	97.491	279	7	0	12	290	713	991	2.47e-134	477
ASV3	Melli_45_016-contigs|k141_158433	97.491	279	7	0	12	290	17444	17722	2.47e-134	477
ASV3	F_lindneri_strainDSM20690-contigs|JQBT01000013.1	95.122	287	14	0	12	298	511	225	4.17e-127	453
ASV4	Melli_45_016-contigs|k141_1186275	98.955	287	3	0	12	298	1051	765	1.89e-145	514
ASV4	Melli_41_001-contigs|k141_1172984	98.955	287	3	0	12	298	411	125	1.89e-145	514
ASV4	Melli_47_001-contigs|k141_195846	98.606	287	4	0	12	298	63103	63389	8.77e-144	508
ASV4	Scapto_89_002-contigs|k141_151098	97.909	287	6	0	12	298	555	269	1.90e-140	497
ASV4	L_Lactobacillus_spSy1-contigs|JACCIU010000001.1	97.909	287	6	0	12	298	4357	4071	1.90e-140	497
ASV4	L_Lactobacillus_spSy1-contigs|JACCIU010000001.1	97.909	287	6	0	12	298	60956	60670	1.90e-140	497
ASV4	L_Lactobacillus_spSy1-contigs|JACCIU010000001.1	97.909	287	6	0	12	298	188601	188315	1.90e-140	497
ASV4	L_Lactobacillus_spSy1-contigs|JACCIU010000001.1	97.909	287	6	0	12	298	1277810	1277524	1.90e-140	497
ASV4	L_Lactobacillus_spSy1-contigs|JACCIU010000001.1	97.909	287	5	1	12	298	827193	827478	6.83e-140	496
ASV4	L_senioris_DSM24302-contigs|AYZR01000005.1	96.864	287	9	0	12	298	692	978	1.91e-135	481
ASV4	F_fructivorans_strainDSM20203-contigs|AZDS01000008.1	96.875	288	7	2	12	298	3314	3028	1.91e-135	481
ASV4	Scapto_92_002-contigs|k141_567391	97.491	279	7	0	12	290	713	991	2.47e-134	477
ASV4	Melli_45_016-contigs|k141_158433	97.491	279	7	0	12	290	17444	17722	2.47e-134	477
ASV4	F_lindneri_strainDSM20690-contigs|JQBT01000013.1	95.122	287	14	0	12	298	511	225	4.17e-127	453
ASV5	Melli_45_016-contigs|k141_1186275	99.303	287	2	0	12	298	1051	765	4.05e-147	520
ASV5	Melli_41_001-contigs|k141_1172984	99.303	287	2	0	12	298	411	125	4.05e-147	520
ASV5	Melli_47_001-contigs|k141_195846	98.955	287	3	0	12	298	63103	63389	1.89e-145	514
ASV5	Scapto_89_002-contigs|k141_151098	98.258	287	5	0	12	298	555	269	4.08e-142	503
ASV5	L_Lactobacillus_spSy1-contigs|JACCIU010000001.1	98.258	287	5	0	12	298	4357	4071	4.08e-142	503
ASV5	L_Lactobacillus_spSy1-contigs|JACCIU010000001.1	98.258	287	5	0	12	298	60956	60670	4.08e-142	503
ASV5	L_Lactobacillus_spSy1-contigs|JACCIU010000001.1	98.258	287	5	0	12	298	188601	188315	4.08e-142	503
ASV5	L_Lactobacillus_spSy1-contigs|JACCIU010000001.1	98.258	287	5	0	12	298	1277810	1277524	4.08e-142	503
ASV5	L_Lactobacillus_spSy1-contigs|JACCIU010000001.1	98.258	287	4	1	12	298	827193	827478	1.47e-141	501
ASV5	L_senioris_DSM24302-contigs|AYZR01000005.1	97.213	287	8	0	12	298	692	978	4.11e-137	486
ASV5	F_fructivorans_strainDSM20203-contigs|AZDS01000008.1	97.222	288	6	2	12	298	3314	3028	4.11e-137	486
ASV5	Scapto_92_002-contigs|k141_567391	96.864	287	9	0	12	298	713	999	1.91e-135	481
ASV5	Melli_45_016-contigs|k141_158433	96.864	287	9	0	12	298	17444	17730	1.91e-135	481
ASV5	F_lindneri_strainDSM20690-contigs|JQBT01000013.1	95.470	287	13	0	12	298	511	225	8.96e-129	459
ASV6	Melli_45_016-contigs|k141_1186275	99.303	287	2	0	12	298	1051	765	4.05e-147	520
ASV6	Melli_41_001-contigs|k141_1172984	99.303	287	2	0	12	298	411	125	4.05e-147	520
ASV6	Melli_47_001-contigs|k141_195846	98.955	287	3	0	12	298	63103	63389	1.89e-145	514
ASV6	Scapto_89_002-contigs|k141_151098	98.258	287	5	0	12	298	555	269	4.08e-142	503
ASV6	L_Lactobacillus_spSy1-contigs|JACCIU010000001.1	98.258	287	5	0	12	298	4357	4071	4.08e-142	503
ASV6	L_Lactobacillus_spSy1-contigs|JACCIU010000001.1	98.258	287	5	0	12	298	60956	60670	4.08e-142	503
ASV6	L_Lactobacillus_spSy1-contigs|JACCIU010000001.1	98.258	287	5	0	12	298	188601	188315	4.08e-142	503
ASV6	L_Lactobacillus_spSy1-contigs|JACCIU010000001.1	98.258	287	5	0	12	298	1277810	1277524	4.08e-142	503
ASV6	L_Lactobacillus_spSy1-contigs|JACCIU010000001.1	98.258	287	4	1	12	298	827193	827478	1.47e-141	501
ASV6	L_senioris_DSM24302-contigs|AYZR01000005.1	97.213	287	8	0	12	298	692	978	4.11e-137	486
ASV6	F_fructivorans_strainDSM20203-contigs|AZDS01000008.1	97.222	288	6	2	12	298	3314	3028	4.11e-137	486
ASV6	Scapto_92_002-contigs|k141_567391	96.864	287	9	0	12	298	713	999	1.91e-135	481
ASV6	Melli_45_016-contigs|k141_158433	96.864	287	9	0	12	298	17444	17730	1.91e-135	481
ASV6	F_lindneri_strainDSM20690-contigs|JQBT01000013.1	95.470	287	13	0	12	298	511	225	8.96e-129	459
ASV7	Melli_45_016-contigs|k141_1186275	99.652	287	1	0	12	298	1051	765	8.71e-149	525
ASV7	Melli_41_001-contigs|k141_1172984	99.652	287	1	0	12	298	411	125	8.71e-149	525
ASV7	Melli_47_001-contigs|k141_195846	99.303	287	2	0	12	298	63103	63389	4.05e-147	520
ASV7	Scapto_89_002-contigs|k141_151098	98.606	287	4	0	12	298	555	269	8.77e-144	508
ASV7	L_Lactobacillus_spSy1-contigs|JACCIU010000001.1	98.606	287	4	0	12	298	4357	4071	8.77e-144	508
ASV7	L_Lactobacillus_spSy1-contigs|JACCIU010000001.1	98.606	287	4	0	12	298	60956	60670	8.77e-144	508
ASV7	L_Lactobacillus_spSy1-contigs|JACCIU010000001.1	98.606	287	4	0	12	298	188601	188315	8.77e-144	508
ASV7	L_Lactobacillus_spSy1-contigs|JACCIU010000001.1	98.606	287	4	0	12	298	1277810	1277524	8.77e-144	508
ASV7	L_Lactobacillus_spSy1-contigs|JACCIU010000001.1	98.606	287	3	1	12	298	827193	827478	3.16e-143	507
ASV7	L_senioris_DSM24302-contigs|AYZR01000005.1	97.561	287	7	0	12	298	692	978	8.84e-139	492
ASV7	F_fructivorans_strainDSM20203-contigs|AZDS01000008.1	97.569	288	5	2	12	298	3314	3028	8.84e-139	492
ASV7	Scapto_92_002-contigs|k141_567391	97.213	287	8	0	12	298	713	999	4.11e-137	486
ASV7	Melli_45_016-contigs|k141_158433	97.213	287	8	0	12	298	17444	17730	4.11e-137	486
ASV7	F_lindneri_strainDSM20690-contigs|JQBT01000013.1	95.819	287	12	0	12	298	511	225	1.93e-130	464
ASV8	Melli_45_016-contigs|k141_1186275	99.303	287	2	0	12	298	1051	765	4.05e-147	520
ASV8	Melli_41_001-contigs|k141_1172984	99.303	287	2	0	12	298	411	125	4.05e-147	520
ASV8	Melli_47_001-contigs|k141_195846	98.955	287	3	0	12	298	63103	63389	1.89e-145	514
ASV8	Scapto_89_002-contigs|k141_151098	98.258	287	5	0	12	298	555	269	4.08e-142	503
ASV8	L_Lactobacillus_spSy1-contigs|JACCIU010000001.1	98.258	287	5	0	12	298	4357	4071	4.08e-142	503
ASV8	L_Lactobacillus_spSy1-contigs|JACCIU010000001.1	98.258	287	5	0	12	298	60956	60670	4.08e-142	503
ASV8	L_Lactobacillus_spSy1-contigs|JACCIU010000001.1	98.258	287	5	0	12	298	188601	188315	4.08e-142	503
ASV8	L_Lactobacillus_spSy1-contigs|JACCIU010000001.1	98.258	287	5	0	12	298	1277810	1277524	4.08e-142	503
ASV8	L_Lactobacillus_spSy1-contigs|JACCIU010000001.1	98.258	287	4	1	12	298	827193	827478	1.47e-141	501
ASV8	L_senioris_DSM24302-contigs|AYZR01000005.1	97.213	287	8	0	12	298	692	978	4.11e-137	486
ASV8	F_fructivorans_strainDSM20203-contigs|AZDS01000008.1	97.222	288	6	2	12	298	3314	3028	4.11e-137	486
ASV8	Scapto_92_002-contigs|k141_567391	96.864	287	9	0	12	298	713	999	1.91e-135	481
ASV8	Melli_45_016-contigs|k141_158433	96.864	287	9	0	12	298	17444	17730	1.91e-135	481
ASV8	F_lindneri_strainDSM20690-contigs|JQBT01000013.1	95.470	287	13	0	12	298	511	225	8.96e-129	459
ASV9	Melli_45_016-contigs|k141_1186275	99.303	287	2	0	12	298	1051	765	4.05e-147	520
ASV9	Melli_41_001-contigs|k141_1172984	99.303	287	2	0	12	298	411	125	4.05e-147	520
ASV9	Melli_47_001-contigs|k141_195846	98.955	287	3	0	12	298	63103	63389	1.89e-145	514
ASV9	Scapto_89_002-contigs|k141_151098	98.258	287	5	0	12	298	555	269	4.08e-142	503
ASV9	L_Lactobacillus_spSy1-contigs|JACCIU010000001.1	98.258	287	5	0	12	298	4357	4071	4.08e-142	503
ASV9	L_Lactobacillus_spSy1-contigs|JACCIU010000001.1	98.258	287	5	0	12	298	60956	60670	4.08e-142	503
ASV9	L_Lactobacillus_spSy1-contigs|JACCIU010000001.1	98.258	287	5	0	12	298	188601	188315	4.08e-142	503
ASV9	L_Lactobacillus_spSy1-contigs|JACCIU010000001.1	98.258	287	5	0	12	298	1277810	1277524	4.08e-142	503
ASV9	L_Lactobacillus_spSy1-contigs|JACCIU010000001.1	98.258	287	4	1	12	298	827193	827478	1.47e-141	501
ASV9	Scapto_92_002-contigs|k141_567391	97.222	288	6	2	12	298	713	999	4.11e-137	486
ASV9	Melli_45_016-contigs|k141_158433	97.222	288	6	2	12	298	17444	17730	4.11e-137	486
ASV9	L_senioris_DSM24302-contigs|AYZR01000005.1	97.213	287	8	0	12	298	692	978	4.11e-137	486
ASV9	F_fructivorans_strainDSM20203-contigs|AZDS01000008.1	97.222	288	6	2	12	298	3314	3028	4.11e-137	486
ASV9	F_lindneri_strainDSM20690-contigs|JQBT01000013.1	95.470	287	13	0	12	298	511	225	8.96e-129	459
ASV10	Melli_45_016-contigs|k141_1186275	99.652	287	1	0	12	298	1051	765	8.71e-149	525
ASV10	Melli_41_001-contigs|k141_1172984	99.652	287	1	0	12	298	411	125	8.71e-149	525
ASV10	Melli_47_001-contigs|k141_195846	99.303	287	2	0	12	298	63103	63389	4.05e-147	520
ASV10	Scapto_89_002-contigs|k141_151098	98.606	287	4	0	12	298	555	269	8.77e-144	508
ASV10	L_Lactobacillus_spSy1-contigs|JACCIU010000001.1	98.606	287	4	0	12	298	4357	4071	8.77e-144	508
ASV10	L_Lactobacillus_spSy1-contigs|JACCIU010000001.1	98.606	287	4	0	12	298	60956	60670	8.77e-144	508
ASV10	L_Lactobacillus_spSy1-contigs|JACCIU010000001.1	98.606	287	4	0	12	298	188601	188315	8.77e-144	508
ASV10	L_Lactobacillus_spSy1-contigs|JACCIU010000001.1	98.606	287	4	0	12	298	1277810	1277524	8.77e-144	508
ASV10	L_Lactobacillus_spSy1-contigs|JACCIU010000001.1	98.606	287	3	1	12	298	827193	827478	3.16e-143	507
ASV10	L_senioris_DSM24302-contigs|AYZR01000005.1	97.561	287	7	0	12	298	692	978	8.84e-139	492
ASV10	F_fructivorans_strainDSM20203-contigs|AZDS01000008.1	97.569	288	5	2	12	298	3314	3028	8.84e-139	492
ASV10	Scapto_92_002-contigs|k141_567391	97.213	287	8	0	12	298	713	999	4.11e-137	486
ASV10	Melli_45_016-contigs|k141_158433	97.213	287	8	0	12	298	17444	17730	4.11e-137	486
ASV10	F_lindneri_strainDSM20690-contigs|JQBT01000013.1	95.819	287	12	0	12	298	511	225	1.93e-130	464
ASV11	Melli_45_016-contigs|k141_1186275	100.000	287	0	0	12	298	1051	765	1.87e-150	531
ASV11	Melli_41_001-contigs|k141_1172984	100.000	287	0	0	12	298	411	125	1.87e-150	531
ASV11	Melli_47_001-contigs|k141_195846	99.652	287	1	0	12	298	63103	63389	8.71e-149	525
ASV11	Scapto_89_002-contigs|k141_151098	98.955	287	3	0	12	298	555	269	1.89e-145	514
ASV11	L_Lactobacillus_spSy1-contigs|JACCIU010000001.1	98.955	287	3	0	12	298	4357	4071	1.89e-145	514
ASV11	L_Lactobacillus_spSy1-contigs|JACCIU010000001.1	98.955	287	3	0	12	298	60956	60670	1.89e-145	514
ASV11	L_Lactobacillus_spSy1-contigs|JACCIU010000001.1	98.955	287	3	0	12	298	188601	188315	1.89e-145	514
ASV11	L_Lactobacillus_spSy1-contigs|JACCIU010000001.1	98.955	287	3	0	12	298	1277810	1277524	1.89e-145	514
ASV11	L_Lactobacillus_spSy1-contigs|JACCIU010000001.1	98.955	287	2	1	12	298	827193	827478	6.78e-145	512
ASV11	L_senioris_DSM24302-contigs|AYZR01000005.1	97.909	287	6	0	12	298	692	978	1.90e-140	497
ASV11	F_fructivorans_strainDSM20203-contigs|AZDS01000008.1	97.917	288	4	2	12	298	3314	3028	1.90e-140	497
ASV11	Scapto_92_002-contigs|k141_567391	97.561	287	7	0	12	298	713	999	8.84e-139	492
ASV11	Melli_45_016-contigs|k141_158433	97.561	287	7	0	12	298	17444	17730	8.84e-139	492
ASV11	F_lindneri_strainDSM20690-contigs|JQBT01000013.1	96.167	287	11	0	12	298	511	225	4.14e-132	470
ASV12	Scapto_92_002-contigs|k141_567391	91.039	279	25	0	12	290	713	991	2.58e-104	377
ASV12	Melli_45_016-contigs|k141_158433	91.039	279	25	0	12	290	17444	17722	2.58e-104	377
ASV12	Melli_45_016-contigs|k141_1186275	90.244	287	28	0	12	298	1051	765	9.28e-104	375
ASV12	Melli_41_001-contigs|k141_1172984	90.244	287	28	0	12	298	411	125	9.28e-104	375
ASV12	Melli_47_001-contigs|k141_195846	89.895	287	29	0	12	298	63103	63389	4.32e-102	370
ASV12	F_fructivorans_strainDSM20203-contigs|AZDS01000008.1	89.931	288	27	2	12	298	3314	3028	4.32e-102	370
ASV12	L_Lactobacillus_spSy1-contigs|JACCIU010000001.1	89.547	287	30	0	12	298	4357	4071	2.01e-100	364
ASV12	L_Lactobacillus_spSy1-contigs|JACCIU010000001.1	89.547	287	30	0	12	298	60956	60670	2.01e-100	364
ASV12	L_Lactobacillus_spSy1-contigs|JACCIU010000001.1	89.547	287	30	0	12	298	188601	188315	2.01e-100	364
ASV12	L_Lactobacillus_spSy1-contigs|JACCIU010000001.1	89.547	287	30	0	12	298	1277810	1277524	2.01e-100	364
ASV12	L_Lactobacillus_spSy1-contigs|JACCIU010000001.1	89.547	287	29	1	12	298	827193	827478	7.23e-100	363
ASV12	Scapto_89_002-contigs|k141_151098	89.199	287	31	0	12	298	555	269	9.35e-99	359
ASV12	L_senioris_DSM24302-contigs|AYZR01000005.1	89.199	287	31	0	12	298	692	978	9.35e-99	359
ASV12	A_kunkeei_DSM12361-contigs|CP080568	88.502	287	33	0	12	298	89539	89825	2.02e-95	348
ASV12	A_kunkeei_DSM12361-contigs|CP080568	88.502	287	33	0	12	298	386920	387206	2.02e-95	348
ASV12	A_kunkeei_DSM12361-contigs|CP080568	88.502	287	33	0	12	298	443645	443931	2.02e-95	348
ASV12	A_kunkeei_DSM12361-contigs|CP080568	88.502	287	33	0	12	298	683189	683475	2.02e-95	348
ASV12	A_kunkeei_DSM12361-contigs|CP080568	88.502	287	33	0	12	298	1051588	1051302	2.02e-95	348
ASV13	Scapto_92_002-contigs|k141_567391	90.625	288	25	2	12	298	713	999	2.00e-105	381
ASV13	Melli_45_016-contigs|k141_158433	90.625	288	25	2	12	298	17444	17730	2.00e-105	381
ASV13	Melli_45_016-contigs|k141_1186275	90.244	287	28	0	12	298	1051	765	9.28e-104	375
ASV13	Melli_41_001-contigs|k141_1172984	90.244	287	28	0	12	298	411	125	9.28e-104	375
ASV13	Melli_47_001-contigs|k141_195846	89.895	287	29	0	12	298	63103	63389	4.32e-102	370
ASV13	F_fructivorans_strainDSM20203-contigs|AZDS01000008.1	89.931	288	27	2	12	298	3314	3028	4.32e-102	370
ASV13	L_Lactobacillus_spSy1-contigs|JACCIU010000001.1	89.547	287	30	0	12	298	4357	4071	2.01e-100	364
ASV13	L_Lactobacillus_spSy1-contigs|JACCIU010000001.1	89.547	287	30	0	12	298	60956	60670	2.01e-100	364
ASV13	L_Lactobacillus_spSy1-contigs|JACCIU010000001.1	89.547	287	30	0	12	298	188601	188315	2.01e-100	364
ASV13	L_Lactobacillus_spSy1-contigs|JACCIU010000001.1	89.547	287	30	0	12	298	1277810	1277524	2.01e-100	364
ASV13	L_Lactobacillus_spSy1-contigs|JACCIU010000001.1	89.547	287	29	1	12	298	827193	827478	7.23e-100	363
ASV13	Scapto_89_002-contigs|k141_151098	89.199	287	31	0	12	298	555	269	9.35e-99	359
ASV13	L_senioris_DSM24302-contigs|AYZR01000005.1	89.199	287	31	0	12	298	692	978	9.35e-99	359
ASV13	A_kunkeei_DSM12361-contigs|CP080568	88.502	287	33	0	12	298	89539	89825	2.02e-95	348
ASV13	A_kunkeei_DSM12361-contigs|CP080568	88.502	287	33	0	12	298	386920	387206	2.02e-95	348
ASV13	A_kunkeei_DSM12361-contigs|CP080568	88.502	287	33	0	12	298	443645	443931	2.02e-95	348
ASV13	A_kunkeei_DSM12361-contigs|CP080568	88.502	287	33	0	12	298	683189	683475	2.02e-95	348
ASV13	A_kunkeei_DSM12361-contigs|CP080568	88.502	287	33	0	12	298	1051588	1051302	2.02e-95	348
ASV14	Scapto_92_002-contigs|k141_567391	90.941	287	26	0	12	298	713	999	4.29e-107	387
ASV14	Melli_45_016-contigs|k141_158433	90.941	287	26	0	12	298	17444	17730	4.29e-107	387
ASV14	Melli_45_016-contigs|k141_1186275	90.941	287	26	0	12	298	1051	765	4.29e-107	387
ASV14	Melli_41_001-contigs|k141_1172984	90.941	287	26	0	12	298	411	125	4.29e-107	387
ASV14	Melli_47_001-contigs|k141_195846	90.592	287	27	0	12	298	63103	63389	2.00e-105	381
ASV14	F_fructivorans_strainDSM20203-contigs|AZDS01000008.1	90.625	288	25	2	12	298	3314	3028	2.00e-105	381
ASV14	L_Lactobacillus_spSy1-contigs|JACCIU010000001.1	90.244	287	28	0	12	298	4357	4071	9.28e-104	375
ASV14	L_Lactobacillus_spSy1-contigs|JACCIU010000001.1	90.244	287	28	0	12	298	60956	60670	9.28e-104	375
ASV14	L_Lactobacillus_spSy1-contigs|JACCIU010000001.1	90.244	287	28	0	12	298	188601	188315	9.28e-104	375
ASV14	L_Lactobacillus_spSy1-contigs|JACCIU010000001.1	90.244	287	28	0	12	298	1277810	1277524	9.28e-104	375
ASV14	L_Lactobacillus_spSy1-contigs|JACCIU010000001.1	90.244	287	27	1	12	298	827193	827478	3.34e-103	374
ASV14	Scapto_89_002-contigs|k141_151098	89.895	287	29	0	12	298	555	269	4.32e-102	370
ASV14	L_senioris_DSM24302-contigs|AYZR01000005.1	89.895	287	29	0	12	298	692	978	4.32e-102	370
ASV14	A_kunkeei_DSM12361-contigs|CP080568	89.199	287	31	0	12	298	89539	89825	9.35e-99	359
ASV14	A_kunkeei_DSM12361-contigs|CP080568	89.199	287	31	0	12	298	386920	387206	9.35e-99	359
ASV14	A_kunkeei_DSM12361-contigs|CP080568	89.199	287	31	0	12	298	443645	443931	9.35e-99	359
ASV14	A_kunkeei_DSM12361-contigs|CP080568	89.199	287	31	0	12	298	683189	683475	9.35e-99	359
ASV14	A_kunkeei_DSM12361-contigs|CP080568	89.199	287	31	0	12	298	1051588	1051302	9.35e-99	359
ASV15	F_fructivorans_strainDSM20203-contigs|AZDS01000008.1	90.625	288	25	2	12	298	3314	3028	2.00e-105	381
ASV15	Scapto_92_002-contigs|k141_567391	90.244	287	28	0	12	298	713	999	9.28e-104	375
ASV15	Melli_45_016-contigs|k141_158433	90.244	287	28	0	12	298	17444	17730	9.28e-104	375
ASV15	Melli_45_016-contigs|k141_1186275	90.244	287	28	0	12	298	1051	765	9.28e-104	375
ASV15	Melli_41_001-contigs|k141_1172984	90.244	287	28	0	12	298	411	125	9.28e-104	375
ASV15	L_Lactobacillus_spSy1-contigs|JACCIU010000001.1	90.244	287	28	0	12	298	4357	4071	9.28e-104	375
ASV15	L_Lactobacillus_spSy1-contigs|JACCIU010000001.1	90.244	287	28	0	12	298	60956	60670	9.28e-104	375
ASV15	L_Lactobacillus_spSy1-contigs|JACCIU010000001.1	90.244	287	28	0	12	298	188601	188315	9.28e-104	375
ASV15	L_Lactobacillus_spSy1-contigs|JACCIU010000001.1	90.244	287	28	0	12	298	1277810	1277524	9.28e-104	375
ASV15	L_Lactobacillus_spSy1-contigs|JACCIU010000001.1	90.244	287	27	1	12	298	827193	827478	3.34e-103	374
ASV15	Melli_47_001-contigs|k141_195846	89.895	287	29	0	12	298	63103	63389	4.32e-102	370
ASV15	L_senioris_DSM24302-contigs|AYZR01000005.1	89.895	287	29	0	12	298	692	978	4.32e-102	370
ASV15	Scapto_89_002-contigs|k141_151098	89.199	287	31	0	12	298	555	269	9.35e-99	359
ASV15	A_kunkeei_DSM12361-contigs|CP080568	89.199	287	31	0	12	298	89539	89825	9.35e-99	359
ASV15	A_kunkeei_DSM12361-contigs|CP080568	89.199	287	31	0	12	298	386920	387206	9.35e-99	359
ASV15	A_kunkeei_DSM12361-contigs|CP080568	89.199	287	31	0	12	298	443645	443931	9.35e-99	359
ASV15	A_kunkeei_DSM12361-contigs|CP080568	89.199	287	31	0	12	298	683189	683475	9.35e-99	359
ASV15	A_kunkeei_DSM12361-contigs|CP080568	89.199	287	31	0	12	298	1051588	1051302	9.35e-99	359
ASV16	F_fructivorans_strainDSM20203-contigs|AZDS01000008.1	90.278	288	26	2	12	298	3314	3028	9.28e-104	375
ASV16	Scapto_92_002-contigs|k141_567391	90.681	279	26	0	12	290	713	991	1.20e-102	372
ASV16	Melli_45_016-contigs|k141_158433	90.681	279	26	0	12	290	17444	17722	1.20e-102	372
ASV16	Melli_45_016-contigs|k141_1186275	89.895	287	29	0	12	298	1051	765	4.32e-102	370
ASV16	Melli_41_001-contigs|k141_1172984	89.895	287	29	0	12	298	411	125	4.32e-102	370
ASV16	L_Lactobacillus_spSy1-contigs|JACCIU010000001.1	89.895	287	29	0	12	298	4357	4071	4.32e-102	370
ASV16	L_Lactobacillus_spSy1-contigs|JACCIU010000001.1	89.895	287	29	0	12	298	60956	60670	4.32e-102	370
ASV16	L_Lactobacillus_spSy1-contigs|JACCIU010000001.1	89.895	287	29	0	12	298	188601	188315	4.32e-102	370
ASV16	L_Lactobacillus_spSy1-contigs|JACCIU010000001.1	89.895	287	29	0	12	298	1277810	1277524	4.32e-102	370
ASV16	L_Lactobacillus_spSy1-contigs|JACCIU010000001.1	89.895	287	28	1	12	298	827193	827478	1.55e-101	368
ASV16	Melli_47_001-contigs|k141_195846	89.547	287	30	0	12	298	63103	63389	2.01e-100	364
ASV16	L_senioris_DSM24302-contigs|AYZR01000005.1	89.547	287	30	0	12	298	692	978	2.01e-100	364
ASV16	Scapto_89_002-contigs|k141_151098	88.850	287	32	0	12	298	555	269	4.35e-97	353
ASV16	A_kunkeei_DSM12361-contigs|CP080568	88.850	287	32	0	12	298	89539	89825	4.35e-97	353
ASV16	A_kunkeei_DSM12361-contigs|CP080568	88.850	287	32	0	12	298	386920	387206	4.35e-97	353
ASV16	A_kunkeei_DSM12361-contigs|CP080568	88.850	287	32	0	12	298	443645	443931	4.35e-97	353
ASV16	A_kunkeei_DSM12361-contigs|CP080568	88.850	287	32	0	12	298	683189	683475	4.35e-97	353
ASV16	A_kunkeei_DSM12361-contigs|CP080568	88.850	287	32	0	12	298	1051588	1051302	4.35e-97	353
ASV17	F_fructivorans_strainDSM20203-contigs|AZDS01000008.1	90.625	288	25	2	12	298	3314	3028	2.00e-105	381
ASV17	Scapto_92_002-contigs|k141_567391	90.244	287	28	0	12	298	713	999	9.28e-104	375
ASV17	Melli_45_016-contigs|k141_158433	90.244	287	28	0	12	298	17444	17730	9.28e-104	375
ASV17	Melli_45_016-contigs|k141_1186275	90.244	287	28	0	12	298	1051	765	9.28e-104	375
ASV17	Melli_41_001-contigs|k141_1172984	90.244	287	28	0	12	298	411	125	9.28e-104	375
ASV17	L_Lactobacillus_spSy1-contigs|JACCIU010000001.1	90.244	287	28	0	12	298	4357	4071	9.28e-104	375
ASV17	L_Lactobacillus_spSy1-contigs|JACCIU010000001.1	90.244	287	28	0	12	298	60956	60670	9.28e-104	375
ASV17	L_Lactobacillus_spSy1-contigs|JACCIU010000001.1	90.244	287	28	0	12	298	188601	188315	9.28e-104	375
ASV17	L_Lactobacillus_spSy1-contigs|JACCIU010000001.1	90.244	287	28	0	12	298	1277810	1277524	9.28e-104	375
ASV17	L_Lactobacillus_spSy1-contigs|JACCIU010000001.1	90.244	287	27	1	12	298	827193	827478	3.34e-103	374
ASV17	Melli_47_001-contigs|k141_195846	89.895	287	29	0	12	298	63103	63389	4.32e-102	370
ASV17	L_senioris_DSM24302-contigs|AYZR01000005.1	89.895	287	29	0	12	298	692	978	4.32e-102	370
ASV17	Scapto_89_002-contigs|k141_151098	89.199	287	31	0	12	298	555	269	9.35e-99	359
ASV17	A_kunkeei_DSM12361-contigs|CP080568	89.199	287	31	0	12	298	89539	89825	9.35e-99	359
ASV17	A_kunkeei_DSM12361-contigs|CP080568	89.199	287	31	0	12	298	386920	387206	9.35e-99	359
ASV17	A_kunkeei_DSM12361-contigs|CP080568	89.199	287	31	0	12	298	443645	443931	9.35e-99	359
ASV17	A_kunkeei_DSM12361-contigs|CP080568	89.199	287	31	0	12	298	683189	683475	9.35e-99	359
ASV17	A_kunkeei_DSM12361-contigs|CP080568	89.199	287	31	0	12	298	1051588	1051302	9.35e-99	359
ASV18	F_fructivorans_strainDSM20203-contigs|AZDS01000008.1	90.972	288	24	2	12	298	3314	3028	4.29e-107	387
ASV18	Scapto_92_002-contigs|k141_567391	90.592	287	27	0	12	298	713	999	2.00e-105	381
ASV18	Melli_45_016-contigs|k141_158433	90.592	287	27	0	12	298	17444	17730	2.00e-105	381
ASV18	Melli_45_016-contigs|k141_1186275	90.592	287	27	0	12	298	1051	765	2.00e-105	381
ASV18	Melli_41_001-contigs|k141_1172984	90.592	287	27	0	12	298	411	125	2.00e-105	381
ASV18	L_Lactobacillus_spSy1-contigs|JACCIU010000001.1	90.592	287	27	0	12	298	4357	4071	2.00e-105	381
ASV18	L_Lactobacillus_spSy1-contigs|JACCIU010000001.1	90.592	287	27	0	12	298	60956	60670	2.00e-105	381
ASV18	L_Lactobacillus_spSy1-contigs|JACCIU010000001.1	90.592	287	27	0	12	298	188601	188315	2.00e-105	381
ASV18	L_Lactobacillus_spSy1-contigs|JACCIU010000001.1	90.592	287	27	0	12	298	1277810	1277524	2.00e-105	381
ASV18	L_Lactobacillus_spSy1-contigs|JACCIU010000001.1	90.592	287	26	1	12	298	827193	827478	7.18e-105	379
ASV18	Melli_47_001-contigs|k141_195846	90.244	287	28	0	12	298	63103	63389	9.28e-104	375
ASV18	L_senioris_DSM24302-contigs|AYZR01000005.1	90.244	287	28	0	12	298	692	978	9.28e-104	375
ASV18	Scapto_89_002-contigs|k141_151098	89.547	287	30	0	12	298	555	269	2.01e-100	364
ASV18	A_kunkeei_DSM12361-contigs|CP080568	89.547	287	30	0	12	298	89539	89825	2.01e-100	364
ASV18	A_kunkeei_DSM12361-contigs|CP080568	89.547	287	30	0	12	298	386920	387206	2.01e-100	364
ASV18	A_kunkeei_DSM12361-contigs|CP080568	89.547	287	30	0	12	298	443645	443931	2.01e-100	364
ASV18	A_kunkeei_DSM12361-contigs|CP080568	89.547	287	30	0	12	298	683189	683475	2.01e-100	364
ASV18	A_kunkeei_DSM12361-contigs|CP080568	89.547	287	30	0	12	298	1051588	1051302	2.01e-100	364
ASV19	F_fructivorans_strainDSM20203-contigs|AZDS01000008.1	90.972	288	24	2	12	298	3314	3028	4.29e-107	387
ASV19	Scapto_92_002-contigs|k141_567391	90.592	287	27	0	12	298	713	999	2.00e-105	381
ASV19	Melli_45_016-contigs|k141_158433	90.592	287	27	0	12	298	17444	17730	2.00e-105	381
ASV19	Melli_45_016-contigs|k141_1186275	90.592	287	27	0	12	298	1051	765	2.00e-105	381
ASV19	Melli_41_001-contigs|k141_1172984	90.592	287	27	0	12	298	411	125	2.00e-105	381
ASV19	L_Lactobacillus_spSy1-contigs|JACCIU010000001.1	90.592	287	27	0	12	298	4357	4071	2.00e-105	381
ASV19	L_Lactobacillus_spSy1-contigs|JACCIU010000001.1	90.592	287	27	0	12	298	60956	60670	2.00e-105	381
ASV19	L_Lactobacillus_spSy1-contigs|JACCIU010000001.1	90.592	287	27	0	12	298	188601	188315	2.00e-105	381
ASV19	L_Lactobacillus_spSy1-contigs|JACCIU010000001.1	90.592	287	27	0	12	298	1277810	1277524	2.00e-105	381
ASV19	L_Lactobacillus_spSy1-contigs|JACCIU010000001.1	90.592	287	26	1	12	298	827193	827478	7.18e-105	379
ASV19	Melli_47_001-contigs|k141_195846	90.244	287	28	0	12	298	63103	63389	9.28e-104	375
ASV19	L_senioris_DSM24302-contigs|AYZR01000005.1	90.244	287	28	0	12	298	692	978	9.28e-104	375
ASV19	Scapto_89_002-contigs|k141_151098	89.547	287	30	0	12	298	555	269	2.01e-100	364
ASV19	A_kunkeei_DSM12361-contigs|CP080568	89.547	287	30	0	12	298	89539	89825	2.01e-100	364
ASV19	A_kunkeei_DSM12361-contigs|CP080568	89.547	287	30	0	12	298	386920	387206	2.01e-100	364
ASV19	A_kunkeei_DSM12361-contigs|CP080568	89.547	287	30	0	12	298	443645	443931	2.01e-100	364
ASV19	A_kunkeei_DSM12361-contigs|CP080568	89.547	287	30	0	12	298	683189	683475	2.01e-100	364
ASV19	A_kunkeei_DSM12361-contigs|CP080568	89.547	287	30	0	12	298	1051588	1051302	2.01e-100	364
ASV20	F_fructivorans_strainDSM20203-contigs|AZDS01000008.1	91.724	290	18	5	12	298	3314	3028	1.98e-110	398
ASV20	Scapto_92_002-contigs|k141_567391	92.171	281	18	3	12	290	713	991	2.56e-109	394
ASV20	Melli_45_016-contigs|k141_158433	92.171	281	18	3	12	290	17444	17722	2.56e-109	394
ASV20	Melli_45_016-contigs|k141_1186275	91.289	287	25	0	12	298	1051	765	9.22e-109	392
ASV20	Melli_41_001-contigs|k141_1172984	91.289	287	25	0	12	298	411	125	9.22e-109	392
ASV20	L_Lactobacillus_spSy1-contigs|JACCIU010000001.1	91.349	289	21	3	12	298	4357	4071	9.22e-109	392
ASV20	L_Lactobacillus_spSy1-contigs|JACCIU010000001.1	91.349	289	21	3	12	298	60956	60670	9.22e-109	392
ASV20	L_Lactobacillus_spSy1-contigs|JACCIU010000001.1	91.349	289	21	3	12	298	188601	188315	9.22e-109	392
ASV20	L_Lactobacillus_spSy1-contigs|JACCIU010000001.1	91.349	289	21	3	12	298	1277810	1277524	9.22e-109	392
ASV20	L_Lactobacillus_spSy1-contigs|JACCIU010000001.1	91.349	289	20	4	12	298	827193	827478	3.32e-108	390
ASV20	Melli_47_001-contigs|k141_195846	90.941	287	26	0	12	298	63103	63389	4.29e-107	387
ASV20	L_senioris_DSM24302-contigs|AYZR01000005.1	91.003	289	22	3	12	298	692	978	4.29e-107	387
ASV20	Scapto_89_002-contigs|k141_151098	90.244	287	28	0	12	298	555	269	9.28e-104	375
ASV20	A_kunkeei_DSM12361-contigs|CP080568	90.244	287	28	0	12	298	89539	89825	9.28e-104	375
ASV20	A_kunkeei_DSM12361-contigs|CP080568	90.244	287	28	0	12	298	386920	387206	9.28e-104	375
ASV20	A_kunkeei_DSM12361-contigs|CP080568	90.244	287	28	0	12	298	443645	443931	9.28e-104	375
ASV20	A_kunkeei_DSM12361-contigs|CP080568	90.244	287	28	0	12	298	683189	683475	9.28e-104	375
ASV20	A_kunkeei_DSM12361-contigs|CP080568	90.244	287	28	0	12	298	1051588	1051302	9.28e-104	375
ASV21	Melli_45_016-contigs|k141_1186275	99.052	211	2	0	42	252	975	765	5.97e-105	379
ASV21	Melli_45_016-contigs|k141_1186275	98.039	51	1	0	1	51	1229	1179	1.13e-17	89.8
ASV21	Melli_41_001-contigs|k141_1172984	99.052	211	2	0	42	252	335	125	5.97e-105	379
ASV21	Melli_41_001-contigs|k141_1172984	98.039	51	1	0	1	51	589	539	1.13e-17	89.8
ASV21	Melli_47_001-contigs|k141_195846	98.578	211	3	0	42	252	63179	63389	2.78e-103	374
ASV21	Melli_47_001-contigs|k141_195846	98.039	51	1	0	1	51	62925	62975	1.13e-17	89.8
ASV21	L_Lactobacillus_spSy1-contigs|JACCIU010000001.1	98.104	211	4	0	42	252	4281	4071	1.29e-101	368
ASV21	L_Lactobacillus_spSy1-contigs|JACCIU010000001.1	98.104	211	4	0	42	252	60880	60670	1.29e-101	368
ASV21	L_Lactobacillus_spSy1-contigs|JACCIU010000001.1	98.104	211	4	0	42	252	188525	188315	1.29e-101	368
ASV21	L_Lactobacillus_spSy1-contigs|JACCIU010000001.1	98.104	211	4	0	42	252	827268	827478	1.29e-101	368
ASV21	L_Lactobacillus_spSy1-contigs|JACCIU010000001.1	98.104	211	4	0	42	252	1277734	1277524	1.29e-101	368
ASV21	L_Lactobacillus_spSy1-contigs|JACCIU010000001.1	98.039	51	1	0	1	51	4535	4485	1.13e-17	89.8
ASV21	L_Lactobacillus_spSy1-contigs|JACCIU010000001.1	98.039	51	1	0	1	51	61134	61084	1.13e-17	89.8
ASV21	L_Lactobacillus_spSy1-contigs|JACCIU010000001.1	98.039	51	1	0	1	51	188779	188729	1.13e-17	89.8
ASV21	L_Lactobacillus_spSy1-contigs|JACCIU010000001.1	98.039	51	1	0	1	51	827015	827065	1.13e-17	89.8
ASV21	L_Lactobacillus_spSy1-contigs|JACCIU010000001.1	98.039	51	1	0	1	51	1277988	1277938	1.13e-17	89.8
ASV21	Scapto_89_002-contigs|k141_151098	97.630	211	5	0	42	252	479	269	6.01e-100	363
ASV21	Scapto_89_002-contigs|k141_151098	98.039	51	1	0	1	51	733	683	1.13e-17	89.8
ASV21	L_senioris_DSM24302-contigs|AYZR01000005.1	97.630	211	5	0	42	252	768	978	6.01e-100	363
ASV21	L_senioris_DSM24302-contigs|AYZR01000005.1	98.039	51	1	0	1	51	514	564	1.13e-17	89.8
ASV21	F_fructivorans_strainDSM20203-contigs|AZDS01000008.1	97.630	211	5	0	42	252	3238	3028	6.01e-100	363
ASV21	F_fructivorans_strainDSM20203-contigs|AZDS01000008.1	98.039	51	1	0	1	51	3492	3442	1.13e-17	89.8
ASV21	Scapto_92_002-contigs|k141_567391	97.156	211	6	0	42	252	789	999	2.80e-98	357
ASV21	Scapto_92_002-contigs|k141_567391	96.078	51	2	0	1	51	535	585	5.24e-16	84.2
ASV21	Melli_45_016-contigs|k141_158433	97.156	211	6	0	42	252	17520	17730	2.80e-98	357
ASV21	Melli_45_016-contigs|k141_158433	96.078	51	2	0	1	51	17266	17316	5.24e-16	84.2
ASV21	F_lindneri_strainDSM20690-contigs|JQBT01000013.1	94.787	211	11	0	42	252	435	225	6.10e-90	329
ASV21	F_lindneri_strainDSM20690-contigs|JQBT01000013.1	98.039	51	1	0	1	51	689	639	1.13e-17	89.8
ASV22	Melli_45_016-contigs|k141_1186275	98.578	211	3	0	42	252	975	765	2.78e-103	374
ASV22	Melli_45_016-contigs|k141_1186275	98.039	51	1	0	1	51	1229	1179	1.13e-17	89.8
ASV22	Melli_41_001-contigs|k141_1172984	98.578	211	3	0	42	252	335	125	2.78e-103	374
ASV22	Melli_41_001-contigs|k141_1172984	98.039	51	1	0	1	51	589	539	1.13e-17	89.8
ASV22	Melli_47_001-contigs|k141_195846	98.104	211	4	0	42	252	63179	63389	1.29e-101	368
ASV22	Melli_47_001-contigs|k141_195846	98.039	51	1	0	1	51	62925	62975	1.13e-17	89.8
ASV22	L_Lactobacillus_spSy1-contigs|JACCIU010000001.1	97.630	211	5	0	42	252	4281	4071	6.01e-100	363
ASV22	L_Lactobacillus_spSy1-contigs|JACCIU010000001.1	97.630	211	5	0	42	252	60880	60670	6.01e-100	363
ASV22	L_Lactobacillus_spSy1-contigs|JACCIU010000001.1	97.630	211	5	0	42	252	188525	188315	6.01e-100	363
ASV22	L_Lactobacillus_spSy1-contigs|JACCIU010000001.1	97.630	211	5	0	42	252	827268	827478	6.01e-100	363
ASV22	L_Lactobacillus_spSy1-contigs|JACCIU010000001.1	97.630	211	5	0	42	252	1277734	1277524	6.01e-100	363
ASV22	L_Lactobacillus_spSy1-contigs|JACCIU010000001.1	98.039	51	1	0	1	51	4535	4485	1.13e-17	89.8
ASV22	L_Lactobacillus_spSy1-contigs|JACCIU010000001.1	98.039	51	1	0	1	51	61134	61084	1.13e-17	89.8
ASV22	L_Lactobacillus_spSy1-contigs|JACCIU010000001.1	98.039	51	1	0	1	51	188779	188729	1.13e-17	89.8
ASV22	L_Lactobacillus_spSy1-contigs|JACCIU010000001.1	98.039	51	1	0	1	51	827015	827065	1.13e-17	89.8
ASV22	L_Lactobacillus_spSy1-contigs|JACCIU010000001.1	98.039	51	1	0	1	51	1277988	1277938	1.13e-17	89.8
ASV22	Scapto_92_002-contigs|k141_567391	97.170	212	4	2	42	252	789	999	2.80e-98	357
ASV22	Scapto_92_002-contigs|k141_567391	96.078	51	2	0	1	51	535	585	5.24e-16	84.2
ASV22	Scapto_89_002-contigs|k141_151098	97.156	211	6	0	42	252	479	269	2.80e-98	357
ASV22	Scapto_89_002-contigs|k141_151098	98.039	51	1	0	1	51	733	683	1.13e-17	89.8
ASV22	Melli_45_016-contigs|k141_158433	97.170	212	4	2	42	252	17520	17730	2.80e-98	357
ASV22	Melli_45_016-contigs|k141_158433	96.078	51	2	0	1	51	17266	17316	5.24e-16	84.2
ASV22	L_senioris_DSM24302-contigs|AYZR01000005.1	97.156	211	6	0	42	252	768	978	2.80e-98	357
ASV22	L_senioris_DSM24302-contigs|AYZR01000005.1	98.039	51	1	0	1	51	514	564	1.13e-17	89.8
ASV22	F_fructivorans_strainDSM20203-contigs|AZDS01000008.1	97.156	211	6	0	42	252	3238	3028	2.80e-98	357
ASV22	F_fructivorans_strainDSM20203-contigs|AZDS01000008.1	98.039	51	1	0	1	51	3492	3442	1.13e-17	89.8
ASV22	F_lindneri_strainDSM20690-contigs|JQBT01000013.1	94.313	211	12	0	42	252	435	225	2.84e-88	324
ASV22	F_lindneri_strainDSM20690-contigs|JQBT01000013.1	98.039	51	1	0	1	51	689	639	1.13e-17	89.8
ASV23	Melli_45_016-contigs|k141_1186275	98.578	211	3	0	42	252	975	765	2.78e-103	374
ASV23	Melli_45_016-contigs|k141_1186275	98.039	51	1	0	1	51	1229	1179	1.13e-17	89.8
ASV23	Melli_41_001-contigs|k141_1172984	98.578	211	3	0	42	252	335	125	2.78e-103	374
ASV23	Melli_41_001-contigs|k141_1172984	98.039	51	1	0	1	51	589	539	1.13e-17	89.8
ASV23	Melli_47_001-contigs|k141_195846	98.104	211	4	0	42	252	63179	63389	1.29e-101	368
ASV23	Melli_47_001-contigs|k141_195846	98.039	51	1	0	1	51	62925	62975	1.13e-17	89.8
ASV23	L_Lactobacillus_spSy1-contigs|JACCIU010000001.1	97.630	211	5	0	42	252	4281	4071	6.01e-100	363
ASV23	L_Lactobacillus_spSy1-contigs|JACCIU010000001.1	97.630	211	5	0	42	252	60880	60670	6.01e-100	363
ASV23	L_Lactobacillus_spSy1-contigs|JACCIU010000001.1	97.630	211	5	0	42	252	188525	188315	6.01e-100	363
ASV23	L_Lactobacillus_spSy1-contigs|JACCIU010000001.1	97.630	211	5	0	42	252	827268	827478	6.01e-100	363
ASV23	L_Lactobacillus_spSy1-contigs|JACCIU010000001.1	97.630	211	5	0	42	252	1277734	1277524	6.01e-100	363
ASV23	L_Lactobacillus_spSy1-contigs|JACCIU010000001.1	98.039	51	1	0	1	51	4535	4485	1.13e-17	89.8
ASV23	L_Lactobacillus_spSy1-contigs|JACCIU010000001.1	98.039	51	1	0	1	51	61134	61084	1.13e-17	89.8
ASV23	L_Lactobacillus_spSy1-contigs|JACCIU010000001.1	98.039	51	1	0	1	51	188779	188729	1.13e-17	89.8
ASV23	L_Lactobacillus_spSy1-contigs|JACCIU010000001.1	98.039	51	1	0	1	51	827015	827065	1.13e-17	89.8
ASV23	L_Lactobacillus_spSy1-contigs|JACCIU010000001.1	98.039	51	1	0	1	51	1277988	1277938	1.13e-17	89.8
ASV23	Scapto_89_002-contigs|k141_151098	97.156	211	6	0	42	252	479	269	2.80e-98	357
ASV23	Scapto_89_002-contigs|k141_151098	98.039	51	1	0	1	51	733	683	1.13e-17	89.8
ASV23	L_senioris_DSM24302-contigs|AYZR01000005.1	97.156	211	6	0	42	252	768	978	2.80e-98	357
ASV23	L_senioris_DSM24302-contigs|AYZR01000005.1	98.039	51	1	0	1	51	514	564	1.13e-17	89.8
ASV23	F_fructivorans_strainDSM20203-contigs|AZDS01000008.1	97.156	211	6	0	42	252	3238	3028	2.80e-98	357
ASV23	F_fructivorans_strainDSM20203-contigs|AZDS01000008.1	98.039	51	1	0	1	51	3492	3442	1.13e-17	89.8
ASV23	Scapto_92_002-contigs|k141_567391	98.030	203	4	0	42	244	789	991	3.62e-97	353
ASV23	Scapto_92_002-contigs|k141_567391	96.078	51	2	0	1	51	535	585	5.24e-16	84.2
ASV23	Melli_45_016-contigs|k141_158433	98.030	203	4	0	42	244	17520	17722	3.62e-97	353
ASV23	Melli_45_016-contigs|k141_158433	96.078	51	2	0	1	51	17266	17316	5.24e-16	84.2
ASV23	F_lindneri_strainDSM20690-contigs|JQBT01000013.1	94.313	211	12	0	42	252	435	225	2.84e-88	324
ASV23	F_lindneri_strainDSM20690-contigs|JQBT01000013.1	98.039	51	1	0	1	51	689	639	1.13e-17	89.8
ASV24	Melli_45_016-contigs|k141_1186275	99.052	211	2	0	42	252	975	765	5.97e-105	379
ASV24	Melli_45_016-contigs|k141_1186275	98.039	51	1	0	1	51	1229	1179	1.13e-17	89.8
ASV24	Melli_41_001-contigs|k141_1172984	99.052	211	2	0	42	252	335	125	5.97e-105	379
ASV24	Melli_41_001-contigs|k141_1172984	98.039	51	1	0	1	51	589	539	1.13e-17	89.8
ASV24	Melli_47_001-contigs|k141_195846	98.578	211	3	0	42	252	63179	63389	2.78e-103	374
ASV24	Melli_47_001-contigs|k141_195846	98.039	51	1	0	1	51	62925	62975	1.13e-17	89.8
ASV24	L_Lactobacillus_spSy1-contigs|JACCIU010000001.1	98.104	211	4	0	42	252	4281	4071	1.29e-101	368
ASV24	L_Lactobacillus_spSy1-contigs|JACCIU010000001.1	98.104	211	4	0	42	252	60880	60670	1.29e-101	368
ASV24	L_Lactobacillus_spSy1-contigs|JACCIU010000001.1	98.104	211	4	0	42	252	188525	188315	1.29e-101	368
ASV24	L_Lactobacillus_spSy1-contigs|JACCIU010000001.1	98.104	211	4	0	42	252	827268	827478	1.29e-101	368
ASV24	L_Lactobacillus_spSy1-contigs|JACCIU010000001.1	98.104	211	4	0	42	252	1277734	1277524	1.29e-101	368
ASV24	L_Lactobacillus_spSy1-contigs|JACCIU010000001.1	98.039	51	1	0	1	51	4535	4485	1.13e-17	89.8
ASV24	L_Lactobacillus_spSy1-contigs|JACCIU010000001.1	98.039	51	1	0	1	51	61134	61084	1.13e-17	89.8
ASV24	L_Lactobacillus_spSy1-contigs|JACCIU010000001.1	98.039	51	1	0	1	51	188779	188729	1.13e-17	89.8
ASV24	L_Lactobacillus_spSy1-contigs|JACCIU010000001.1	98.039	51	1	0	1	51	827015	827065	1.13e-17	89.8
ASV24	L_Lactobacillus_spSy1-contigs|JACCIU010000001.1	98.039	51	1	0	1	51	1277988	1277938	1.13e-17	89.8
ASV24	Scapto_89_002-contigs|k141_151098	97.630	211	5	0	42	252	479	269	6.01e-100	363
ASV24	Scapto_89_002-contigs|k141_151098	98.039	51	1	0	1	51	733	683	1.13e-17	89.8
ASV24	L_senioris_DSM24302-contigs|AYZR01000005.1	97.630	211	5	0	42	252	768	978	6.01e-100	363
ASV24	L_senioris_DSM24302-contigs|AYZR01000005.1	98.039	51	1	0	1	51	514	564	1.13e-17	89.8
ASV24	F_fructivorans_strainDSM20203-contigs|AZDS01000008.1	97.630	211	5	0	42	252	3238	3028	6.01e-100	363
ASV24	F_fructivorans_strainDSM20203-contigs|AZDS01000008.1	98.039	51	1	0	1	51	3492	3442	1.13e-17	89.8
ASV24	Scapto_92_002-contigs|k141_567391	97.156	211	6	0	42	252	789	999	2.80e-98	357
ASV24	Scapto_92_002-contigs|k141_567391	96.078	51	2	0	1	51	535	585	5.24e-16	84.2
ASV24	Melli_45_016-contigs|k141_158433	97.156	211	6	0	42	252	17520	17730	2.80e-98	357
ASV24	Melli_45_016-contigs|k141_158433	96.078	51	2	0	1	51	17266	17316	5.24e-16	84.2
ASV24	F_lindneri_strainDSM20690-contigs|JQBT01000013.1	94.787	211	11	0	42	252	435	225	6.10e-90	329
ASV24	F_lindneri_strainDSM20690-contigs|JQBT01000013.1	98.039	51	1	0	1	51	689	639	1.13e-17	89.8
ASV25	Melli_45_016-contigs|k141_1186275	98.947	285	3	0	14	298	1049	765	2.44e-144	510
ASV25	Melli_41_001-contigs|k141_1172984	98.947	285	3	0	14	298	409	125	2.44e-144	510
ASV25	Melli_47_001-contigs|k141_195846	98.596	285	4	0	14	298	63105	63389	1.13e-142	505
ASV25	Scapto_89_002-contigs|k141_151098	97.895	285	6	0	14	298	553	269	2.46e-139	494
ASV25	L_Lactobacillus_spSy1-contigs|JACCIU010000001.1	97.895	285	6	0	14	298	4355	4071	2.46e-139	494
ASV25	L_Lactobacillus_spSy1-contigs|JACCIU010000001.1	97.895	285	6	0	14	298	60954	60670	2.46e-139	494
ASV25	L_Lactobacillus_spSy1-contigs|JACCIU010000001.1	97.895	285	6	0	14	298	188599	188315	2.46e-139	494
ASV25	L_Lactobacillus_spSy1-contigs|JACCIU010000001.1	97.895	285	6	0	14	298	1277808	1277524	2.46e-139	494
ASV25	L_Lactobacillus_spSy1-contigs|JACCIU010000001.1	97.895	285	5	1	14	298	827195	827478	8.84e-139	492
ASV25	L_senioris_DSM24302-contigs|AYZR01000005.1	96.842	285	9	0	14	298	694	978	2.47e-134	477
ASV25	F_fructivorans_strainDSM20203-contigs|AZDS01000008.1	96.853	286	7	2	14	298	3312	3028	2.47e-134	477
ASV25	Scapto_92_002-contigs|k141_567391	97.473	277	7	0	14	290	715	991	3.20e-133	473
ASV25	Melli_45_016-contigs|k141_158433	97.473	277	7	0	14	290	17446	17722	3.20e-133	473
ASV25	F_lindneri_strainDSM20690-contigs|JQBT01000013.1	95.088	285	14	0	14	298	509	225	5.39e-126	449
ASV26	Melli_45_016-contigs|k141_1186275	98.947	285	3	0	14	298	1049	765	2.44e-144	510
ASV26	Melli_41_001-contigs|k141_1172984	98.947	285	3	0	14	298	409	125	2.44e-144	510
ASV26	Melli_47_001-contigs|k141_195846	98.596	285	4	0	14	298	63105	63389	1.13e-142	505
ASV26	Scapto_89_002-contigs|k141_151098	97.895	285	6	0	14	298	553	269	2.46e-139	494
ASV26	L_Lactobacillus_spSy1-contigs|JACCIU010000001.1	97.895	285	6	0	14	298	4355	4071	2.46e-139	494
ASV26	L_Lactobacillus_spSy1-contigs|JACCIU010000001.1	97.895	285	6	0	14	298	60954	60670	2.46e-139	494
ASV26	L_Lactobacillus_spSy1-contigs|JACCIU010000001.1	97.895	285	6	0	14	298	188599	188315	2.46e-139	494
ASV26	L_Lactobacillus_spSy1-contigs|JACCIU010000001.1	97.895	285	6	0	14	298	1277808	1277524	2.46e-139	494
ASV26	L_Lactobacillus_spSy1-contigs|JACCIU010000001.1	97.895	285	5	1	14	298	827195	827478	8.84e-139	492
ASV26	L_senioris_DSM24302-contigs|AYZR01000005.1	96.842	285	9	0	14	298	694	978	2.47e-134	477
ASV26	F_fructivorans_strainDSM20203-contigs|AZDS01000008.1	96.853	286	7	2	14	298	3312	3028	2.47e-134	477
ASV26	Scapto_92_002-contigs|k141_567391	97.473	277	7	0	14	290	715	991	3.20e-133	473
ASV26	Melli_45_016-contigs|k141_158433	97.473	277	7	0	14	290	17446	17722	3.20e-133	473
ASV26	F_lindneri_strainDSM20690-contigs|JQBT01000013.1	95.088	285	14	0	14	298	509	225	5.39e-126	449
ASV27	Melli_45_016-contigs|k141_1186275	99.298	285	2	0	14	298	1049	765	5.24e-146	516
ASV27	Melli_41_001-contigs|k141_1172984	99.298	285	2	0	14	298	409	125	5.24e-146	516
ASV27	Melli_47_001-contigs|k141_195846	98.947	285	3	0	14	298	63105	63389	2.44e-144	510
ASV27	Scapto_89_002-contigs|k141_151098	98.246	285	5	0	14	298	553	269	5.28e-141	499
ASV27	L_Lactobacillus_spSy1-contigs|JACCIU010000001.1	98.246	285	5	0	14	298	4355	4071	5.28e-141	499
ASV27	L_Lactobacillus_spSy1-contigs|JACCIU010000001.1	98.246	285	5	0	14	298	60954	60670	5.28e-141	499
ASV27	L_Lactobacillus_spSy1-contigs|JACCIU010000001.1	98.246	285	5	0	14	298	188599	188315	5.28e-141	499
ASV27	L_Lactobacillus_spSy1-contigs|JACCIU010000001.1	98.246	285	5	0	14	298	1277808	1277524	5.28e-141	499
ASV27	L_Lactobacillus_spSy1-contigs|JACCIU010000001.1	98.246	285	4	1	14	298	827195	827478	1.90e-140	497
ASV27	L_senioris_DSM24302-contigs|AYZR01000005.1	97.193	285	8	0	14	298	694	978	5.32e-136	483
ASV27	F_fructivorans_strainDSM20203-contigs|AZDS01000008.1	97.203	286	6	2	14	298	3312	3028	5.32e-136	483
ASV27	Scapto_92_002-contigs|k141_567391	96.842	285	9	0	14	298	715	999	2.47e-134	477
ASV27	Melli_45_016-contigs|k141_158433	96.842	285	9	0	14	298	17446	17730	2.47e-134	477
ASV27	F_lindneri_strainDSM20690-contigs|JQBT01000013.1	95.439	285	13	0	14	298	509	225	1.16e-127	455
ASV28	Melli_45_016-contigs|k141_1186275	99.298	285	2	0	14	298	1049	765	5.24e-146	516
ASV28	Melli_41_001-contigs|k141_1172984	99.298	285	2	0	14	298	409	125	5.24e-146	516
ASV28	Melli_47_001-contigs|k141_195846	98.947	285	3	0	14	298	63105	63389	2.44e-144	510
ASV28	Scapto_89_002-contigs|k141_151098	98.246	285	5	0	14	298	553	269	5.28e-141	499
ASV28	L_Lactobacillus_spSy1-contigs|JACCIU010000001.1	98.246	285	5	0	14	298	4355	4071	5.28e-141	499
ASV28	L_Lactobacillus_spSy1-contigs|JACCIU010000001.1	98.246	285	5	0	14	298	60954	60670	5.28e-141	499
ASV28	L_Lactobacillus_spSy1-contigs|JACCIU010000001.1	98.246	285	5	0	14	298	188599	188315	5.28e-141	499
ASV28	L_Lactobacillus_spSy1-contigs|JACCIU010000001.1	98.246	285	5	0	14	298	1277808	1277524	5.28e-141	499
ASV28	L_Lactobacillus_spSy1-contigs|JACCIU010000001.1	98.246	285	4	1	14	298	827195	827478	1.90e-140	497
ASV28	L_senioris_DSM24302-contigs|AYZR01000005.1	97.193	285	8	0	14	298	694	978	5.32e-136	483
ASV28	F_fructivorans_strainDSM20203-contigs|AZDS01000008.1	97.203	286	6	2	14	298	3312	3028	5.32e-136	483
ASV28	Scapto_92_002-contigs|k141_567391	96.842	285	9	0	14	298	715	999	2.47e-134	477
ASV28	Melli_45_016-contigs|k141_158433	96.842	285	9	0	14	298	17446	17730	2.47e-134	477
ASV28	F_lindneri_strainDSM20690-contigs|JQBT01000013.1	95.439	285	13	0	14	298	509	225	1.16e-127	455
ASV29	Melli_45_016-contigs|k141_1186275	99.298	285	2	0	14	298	1049	765	5.24e-146	516
ASV29	Melli_41_001-contigs|k141_1172984	99.298	285	2	0	14	298	409	125	5.24e-146	516
ASV29	Melli_47_001-contigs|k141_195846	98.947	285	3	0	14	298	63105	63389	2.44e-144	510
ASV29	Scapto_89_002-contigs|k141_151098	98.246	285	5	0	14	298	553	269	5.28e-141	499
ASV29	L_Lactobacillus_spSy1-contigs|JACCIU010000001.1	98.246	285	5	0	14	298	4355	4071	5.28e-141	499
ASV29	L_Lactobacillus_spSy1-contigs|JACCIU010000001.1	98.246	285	5	0	14	298	60954	60670	5.28e-141	499
ASV29	L_Lactobacillus_spSy1-contigs|JACCIU010000001.1	98.246	285	5	0	14	298	188599	188315	5.28e-141	499
ASV29	L_Lactobacillus_spSy1-contigs|JACCIU010000001.1	98.246	285	5	0	14	298	1277808	1277524	5.28e-141	499
ASV29	L_Lactobacillus_spSy1-contigs|JACCIU010000001.1	98.246	285	4	1	14	298	827195	827478	1.90e-140	497
ASV29	L_senioris_DSM24302-contigs|AYZR01000005.1	97.193	285	8	0	14	298	694	978	5.32e-136	483
ASV29	F_fructivorans_strainDSM20203-contigs|AZDS01000008.1	97.203	286	6	2	14	298	3312	3028	5.32e-136	483
ASV29	Scapto_92_002-contigs|k141_567391	97.834	277	6	0	14	290	715	991	6.88e-135	479
ASV29	Melli_45_016-contigs|k141_158433	97.834	277	6	0	14	290	17446	17722	6.88e-135	479
ASV29	F_lindneri_strainDSM20690-contigs|JQBT01000013.1	95.439	285	13	0	14	298	509	225	1.16e-127	455
ASV30	Melli_45_016-contigs|k141_1186275	99.649	285	1	0	14	298	1049	765	1.13e-147	521
ASV30	Melli_41_001-contigs|k141_1172984	99.649	285	1	0	14	298	409	125	1.13e-147	521
ASV30	Melli_47_001-contigs|k141_195846	99.298	285	2	0	14	298	63105	63389	5.24e-146	516
ASV30	Scapto_89_002-contigs|k141_151098	98.596	285	4	0	14	298	553	269	1.13e-142	505
ASV30	L_Lactobacillus_spSy1-contigs|JACCIU010000001.1	98.596	285	4	0	14	298	4355	4071	1.13e-142	505
ASV30	L_Lactobacillus_spSy1-contigs|JACCIU010000001.1	98.596	285	4	0	14	298	60954	60670	1.13e-142	505
ASV30	L_Lactobacillus_spSy1-contigs|JACCIU010000001.1	98.596	285	4	0	14	298	188599	188315	1.13e-142	505
ASV30	L_Lactobacillus_spSy1-contigs|JACCIU010000001.1	98.596	285	4	0	14	298	1277808	1277524	1.13e-142	505
ASV30	L_Lactobacillus_spSy1-contigs|JACCIU010000001.1	98.596	285	3	1	14	298	827195	827478	4.08e-142	503
ASV30	L_senioris_DSM24302-contigs|AYZR01000005.1	97.544	285	7	0	14	298	694	978	1.14e-137	488
ASV30	F_fructivorans_strainDSM20203-contigs|AZDS01000008.1	97.552	286	5	2	14	298	3312	3028	1.14e-137	488
ASV30	Scapto_92_002-contigs|k141_567391	97.193	285	8	0	14	298	715	999	5.32e-136	483
ASV30	Melli_45_016-contigs|k141_158433	97.193	285	8	0	14	298	17446	17730	5.32e-136	483
ASV30	F_lindneri_strainDSM20690-contigs|JQBT01000013.1	95.789	285	12	0	14	298	509	225	2.49e-129	460
ASV31	Melli_45_016-contigs|k141_1186275	99.649	285	1	0	14	298	1049	765	1.13e-147	521
ASV31	Melli_41_001-contigs|k141_1172984	99.649	285	1	0	14	298	409	125	1.13e-147	521
ASV31	Melli_47_001-contigs|k141_195846	99.298	285	2	0	14	298	63105	63389	5.24e-146	516
ASV31	Scapto_89_002-contigs|k141_151098	98.596	285	4	0	14	298	553	269	1.13e-142	505
ASV31	L_Lactobacillus_spSy1-contigs|JACCIU010000001.1	98.596	285	4	0	14	298	4355	4071	1.13e-142	505
ASV31	L_Lactobacillus_spSy1-contigs|JACCIU010000001.1	98.596	285	4	0	14	298	60954	60670	1.13e-142	505
ASV31	L_Lactobacillus_spSy1-contigs|JACCIU010000001.1	98.596	285	4	0	14	298	188599	188315	1.13e-142	505
ASV31	L_Lactobacillus_spSy1-contigs|JACCIU010000001.1	98.596	285	4	0	14	298	1277808	1277524	1.13e-142	505
ASV31	L_Lactobacillus_spSy1-contigs|JACCIU010000001.1	98.596	285	3	1	14	298	827195	827478	4.08e-142	503
ASV31	L_senioris_DSM24302-contigs|AYZR01000005.1	97.544	285	7	0	14	298	694	978	1.14e-137	488
ASV31	F_fructivorans_strainDSM20203-contigs|AZDS01000008.1	97.552	286	5	2	14	298	3312	3028	1.14e-137	488
ASV31	Scapto_92_002-contigs|k141_567391	97.193	285	8	0	14	298	715	999	5.32e-136	483
ASV31	Melli_45_016-contigs|k141_158433	97.193	285	8	0	14	298	17446	17730	5.32e-136	483
ASV31	F_lindneri_strainDSM20690-contigs|JQBT01000013.1	95.789	285	12	0	14	298	509	225	2.49e-129	460
ASV32	Melli_45_016-contigs|k141_1186275	99.298	285	2	0	14	298	1049	765	5.24e-146	516
ASV32	Melli_41_001-contigs|k141_1172984	99.298	285	2	0	14	298	409	125	5.24e-146	516
ASV32	Melli_47_001-contigs|k141_195846	98.947	285	3	0	14	298	63105	63389	2.44e-144	510
ASV32	Scapto_89_002-contigs|k141_151098	98.246	285	5	0	14	298	553	269	5.28e-141	499
ASV32	L_Lactobacillus_spSy1-contigs|JACCIU010000001.1	98.246	285	5	0	14	298	4355	4071	5.28e-141	499
ASV32	L_Lactobacillus_spSy1-contigs|JACCIU010000001.1	98.246	285	5	0	14	298	60954	60670	5.28e-141	499
ASV32	L_Lactobacillus_spSy1-contigs|JACCIU010000001.1	98.246	285	5	0	14	298	188599	188315	5.28e-141	499
ASV32	L_Lactobacillus_spSy1-contigs|JACCIU010000001.1	98.246	285	5	0	14	298	1277808	1277524	5.28e-141	499
ASV32	L_Lactobacillus_spSy1-contigs|JACCIU010000001.1	98.246	285	4	1	14	298	827195	827478	1.90e-140	497
ASV32	Scapto_92_002-contigs|k141_567391	97.203	286	6	2	14	298	715	999	5.32e-136	483
ASV32	Melli_45_016-contigs|k141_158433	97.203	286	6	2	14	298	17446	17730	5.32e-136	483
ASV32	L_senioris_DSM24302-contigs|AYZR01000005.1	97.193	285	8	0	14	298	694	978	5.32e-136	483
ASV32	F_fructivorans_strainDSM20203-contigs|AZDS01000008.1	97.203	286	6	2	14	298	3312	3028	5.32e-136	483
ASV32	F_lindneri_strainDSM20690-contigs|JQBT01000013.1	95.439	285	13	0	14	298	509	225	1.16e-127	455
ASV33	Melli_45_016-contigs|k141_1186275	99.649	285	1	0	14	298	1049	765	1.13e-147	521
ASV33	Melli_41_001-contigs|k141_1172984	99.649	285	1	0	14	298	409	125	1.13e-147	521
ASV33	Melli_47_001-contigs|k141_195846	99.298	285	2	0	14	298	63105	63389	5.24e-146	516
ASV33	Scapto_89_002-contigs|k141_151098	98.596	285	4	0	14	298	553	269	1.13e-142	505
ASV33	L_Lactobacillus_spSy1-contigs|JACCIU010000001.1	98.596	285	4	0	14	298	4355	4071	1.13e-142	505
ASV33	L_Lactobacillus_spSy1-contigs|JACCIU010000001.1	98.596	285	4	0	14	298	60954	60670	1.13e-142	505
ASV33	L_Lactobacillus_spSy1-contigs|JACCIU010000001.1	98.596	285	4	0	14	298	188599	188315	1.13e-142	505
ASV33	L_Lactobacillus_spSy1-contigs|JACCIU010000001.1	98.596	285	4	0	14	298	1277808	1277524	1.13e-142	505
ASV33	L_Lactobacillus_spSy1-contigs|JACCIU010000001.1	98.596	285	3	1	14	298	827195	827478	4.08e-142	503
ASV33	L_senioris_DSM24302-contigs|AYZR01000005.1	97.544	285	7	0	14	298	694	978	1.14e-137	488
ASV33	F_fructivorans_strainDSM20203-contigs|AZDS01000008.1	97.552	286	5	2	14	298	3312	3028	1.14e-137	488
ASV33	Scapto_92_002-contigs|k141_567391	97.193	285	8	0	14	298	715	999	5.32e-136	483
ASV33	Melli_45_016-contigs|k141_158433	97.193	285	8	0	14	298	17446	17730	5.32e-136	483
ASV33	F_lindneri_strainDSM20690-contigs|JQBT01000013.1	95.789	285	12	0	14	298	509	225	2.49e-129	460
ASV34	Melli_45_016-contigs|k141_1186275	99.649	285	1	0	14	298	1049	765	1.13e-147	521
ASV34	Melli_41_001-contigs|k141_1172984	99.649	285	1	0	14	298	409	125	1.13e-147	521
ASV34	Melli_47_001-contigs|k141_195846	99.298	285	2	0	14	298	63105	63389	5.24e-146	516
ASV34	Scapto_89_002-contigs|k141_151098	98.596	285	4	0	14	298	553	269	1.13e-142	505
ASV34	L_Lactobacillus_spSy1-contigs|JACCIU010000001.1	98.596	285	4	0	14	298	4355	4071	1.13e-142	505
ASV34	L_Lactobacillus_spSy1-contigs|JACCIU010000001.1	98.596	285	4	0	14	298	60954	60670	1.13e-142	505
ASV34	L_Lactobacillus_spSy1-contigs|JACCIU010000001.1	98.596	285	4	0	14	298	188599	188315	1.13e-142	505
ASV34	L_Lactobacillus_spSy1-contigs|JACCIU010000001.1	98.596	285	4	0	14	298	1277808	1277524	1.13e-142	505
ASV34	L_Lactobacillus_spSy1-contigs|JACCIU010000001.1	98.596	285	3	1	14	298	827195	827478	4.08e-142	503
ASV34	L_senioris_DSM24302-contigs|AYZR01000005.1	97.544	285	7	0	14	298	694	978	1.14e-137	488
ASV34	F_fructivorans_strainDSM20203-contigs|AZDS01000008.1	97.552	286	5	2	14	298	3312	3028	1.14e-137	488
ASV34	Scapto_92_002-contigs|k141_567391	97.193	285	8	0	14	298	715	999	5.32e-136	483
ASV34	Melli_45_016-contigs|k141_158433	97.193	285	8	0	14	298	17446	17730	5.32e-136	483
ASV34	F_lindneri_strainDSM20690-contigs|JQBT01000013.1	95.789	285	12	0	14	298	509	225	2.49e-129	460
ASV35	Melli_45_016-contigs|k141_1186275	100.000	285	0	0	14	298	1049	765	2.42e-149	527
ASV35	Melli_41_001-contigs|k141_1172984	100.000	285	0	0	14	298	409	125	2.42e-149	527
ASV35	Melli_47_001-contigs|k141_195846	99.649	285	1	0	14	298	63105	63389	1.13e-147	521
ASV35	Scapto_89_002-contigs|k141_151098	98.947	285	3	0	14	298	553	269	2.44e-144	510
ASV35	L_Lactobacillus_spSy1-contigs|JACCIU010000001.1	98.947	285	3	0	14	298	4355	4071	2.44e-144	510
ASV35	L_Lactobacillus_spSy1-contigs|JACCIU010000001.1	98.947	285	3	0	14	298	60954	60670	2.44e-144	510
ASV35	L_Lactobacillus_spSy1-contigs|JACCIU010000001.1	98.947	285	3	0	14	298	188599	188315	2.44e-144	510
ASV35	L_Lactobacillus_spSy1-contigs|JACCIU010000001.1	98.947	285	3	0	14	298	1277808	1277524	2.44e-144	510
ASV35	L_Lactobacillus_spSy1-contigs|JACCIU010000001.1	98.947	285	2	1	14	298	827195	827478	8.77e-144	508
ASV35	L_senioris_DSM24302-contigs|AYZR01000005.1	97.895	285	6	0	14	298	694	978	2.46e-139	494
ASV35	F_fructivorans_strainDSM20203-contigs|AZDS01000008.1	97.902	286	4	2	14	298	3312	3028	2.46e-139	494
ASV35	Scapto_92_002-contigs|k141_567391	97.544	285	7	0	14	298	715	999	1.14e-137	488
ASV35	Melli_45_016-contigs|k141_158433	97.544	285	7	0	14	298	17446	17730	1.14e-137	488
ASV35	F_lindneri_strainDSM20690-contigs|JQBT01000013.1	96.140	285	11	0	14	298	509	225	5.36e-131	466
ASV36	Scapto_92_002-contigs|k141_567391	90.975	277	25	0	14	290	715	991	3.34e-103	374
ASV36	Melli_45_016-contigs|k141_158433	90.975	277	25	0	14	290	17446	17722	3.34e-103	374
ASV36	F_fructivorans_strainDSM20203-contigs|AZDS01000008.1	89.860	286	27	2	14	298	3312	3028	5.59e-101	366
ASV36	L_senioris_DSM24302-contigs|AYZR01000005.1	89.123	285	31	0	14	298	694	978	1.21e-97	355
ASV36	A_kunkeei_DSM12361-contigs|CP080568	88.421	285	33	0	14	298	89541	89825	2.62e-94	344
ASV36	A_kunkeei_DSM12361-contigs|CP080568	88.421	285	33	0	14	298	386922	387206	2.62e-94	344
ASV36	A_kunkeei_DSM12361-contigs|CP080568	88.421	285	33	0	14	298	443647	443931	2.62e-94	344
ASV36	A_kunkeei_DSM12361-contigs|CP080568	88.421	285	33	0	14	298	683191	683475	2.62e-94	344
ASV36	A_kunkeei_DSM12361-contigs|CP080568	88.421	285	33	0	14	298	1051586	1051302	2.62e-94	344
ASV36	A_apinorum_strainFhon13-contigs|KQ440398.1	88.421	285	33	0	14	298	437	721	2.62e-94	344
ASV36	A_jinshanensis_brasiliensis-contigs|CP171343	88.070	285	34	0	14	298	261260	261544	1.22e-92	339
ASV36	A_jinshanensis_brasiliensis-contigs|CP171343	86.667	285	38	0	14	298	105640	105924	5.71e-86	316
ASV36	A_jinshanensis_brasiliensis-contigs|CP171343	86.316	285	39	0	14	298	1141365	1141081	2.66e-84	311
ASV36	A_jinshanensis_brasiliensis-contigs|CP171343	80.769	286	52	3	14	298	1042423	1042140	4.60e-57	220
ASV36	A_ozensis_DSM23829-contigs|AYYQ01000014.1	87.719	285	35	0	14	298	609	893	5.67e-91	333
ASV36	A_micheneri_strainNBRC113063-contigs|BEXE01000061.1	87.368	285	36	0	14	298	744	1028	2.64e-89	327
ASV36	A_micheneri_strainHlig3-contigs|POSO01000001.1	87.368	285	36	0	14	298	360100	359816	2.64e-89	327
ASV37	Scapto_92_002-contigs|k141_567391	90.526	285	27	0	14	298	715	999	2.58e-104	377
ASV37	Melli_45_016-contigs|k141_158433	90.526	285	27	0	14	298	17446	17730	2.58e-104	377
ASV37	F_fructivorans_strainDSM20203-contigs|AZDS01000008.1	90.210	286	26	2	14	298	3312	3028	1.20e-102	372
ASV37	L_senioris_DSM24302-contigs|AYZR01000005.1	89.474	285	30	0	14	298	694	978	2.60e-99	361
ASV37	A_kunkeei_DSM12361-contigs|CP080568	88.772	285	32	0	14	298	89541	89825	5.63e-96	350
ASV37	A_kunkeei_DSM12361-contigs|CP080568	88.772	285	32	0	14	298	386922	387206	5.63e-96	350
ASV37	A_kunkeei_DSM12361-contigs|CP080568	88.772	285	32	0	14	298	443647	443931	5.63e-96	350
ASV37	A_kunkeei_DSM12361-contigs|CP080568	88.772	285	32	0	14	298	683191	683475	5.63e-96	350
ASV37	A_kunkeei_DSM12361-contigs|CP080568	88.772	285	32	0	14	298	1051586	1051302	5.63e-96	350
ASV37	A_apinorum_strainFhon13-contigs|KQ440398.1	88.772	285	32	0	14	298	437	721	5.63e-96	350
ASV37	A_jinshanensis_brasiliensis-contigs|CP171343	88.421	285	33	0	14	298	261260	261544	2.62e-94	344
ASV37	A_jinshanensis_brasiliensis-contigs|CP171343	87.018	285	37	0	14	298	105640	105924	1.23e-87	322
ASV37	A_jinshanensis_brasiliensis-contigs|CP171343	86.667	285	38	0	14	298	1141365	1141081	5.71e-86	316
ASV37	A_jinshanensis_brasiliensis-contigs|CP171343	81.119	286	51	3	14	298	1042423	1042140	9.89e-59	226
ASV37	A_ozensis_DSM23829-contigs|AYYQ01000014.1	88.070	285	34	0	14	298	609	893	1.22e-92	339
ASV37	A_micheneri_strainNBRC113063-contigs|BEXE01000061.1	87.719	285	35	0	14	298	744	1028	5.67e-91	333
ASV37	A_micheneri_strainHlig3-contigs|POSO01000001.1	87.719	285	35	0	14	298	360100	359816	5.67e-91	333
ASV38	Scapto_92_002-contigs|k141_567391	90.559	286	25	2	14	298	715	999	2.58e-104	377
ASV38	Melli_45_016-contigs|k141_158433	90.559	286	25	2	14	298	17446	17730	2.58e-104	377
ASV38	F_fructivorans_strainDSM20203-contigs|AZDS01000008.1	89.860	286	27	2	14	298	3312	3028	5.59e-101	366
ASV38	L_senioris_DSM24302-contigs|AYZR01000005.1	89.123	285	31	0	14	298	694	978	1.21e-97	355
ASV38	A_kunkeei_DSM12361-contigs|CP080568	88.421	285	33	0	14	298	89541	89825	2.62e-94	344
ASV38	A_kunkeei_DSM12361-contigs|CP080568	88.421	285	33	0	14	298	386922	387206	2.62e-94	344
ASV38	A_kunkeei_DSM12361-contigs|CP080568	88.421	285	33	0	14	298	443647	443931	2.62e-94	344
ASV38	A_kunkeei_DSM12361-contigs|CP080568	88.421	285	33	0	14	298	683191	683475	2.62e-94	344
ASV38	A_kunkeei_DSM12361-contigs|CP080568	88.421	285	33	0	14	298	1051586	1051302	2.62e-94	344
ASV38	A_apinorum_strainFhon13-contigs|KQ440398.1	88.421	285	33	0	14	298	437	721	2.62e-94	344
ASV38	A_jinshanensis_brasiliensis-contigs|CP171343	88.070	285	34	0	14	298	261260	261544	1.22e-92	339
ASV38	A_jinshanensis_brasiliensis-contigs|CP171343	86.667	285	38	0	14	298	105640	105924	5.71e-86	316
ASV38	A_jinshanensis_brasiliensis-contigs|CP171343	86.316	285	39	0	14	298	1141365	1141081	2.66e-84	311
ASV38	A_jinshanensis_brasiliensis-contigs|CP171343	80.769	286	52	3	14	298	1042423	1042140	4.60e-57	220
ASV38	A_ozensis_DSM23829-contigs|AYYQ01000014.1	87.719	285	35	0	14	298	609	893	5.67e-91	333
ASV38	A_micheneri_strainNBRC113063-contigs|BEXE01000061.1	87.368	285	36	0	14	298	744	1028	2.64e-89	327
ASV38	A_micheneri_strainHlig3-contigs|POSO01000001.1	87.368	285	36	0	14	298	360100	359816	2.64e-89	327
ASV39	Scapto_92_002-contigs|k141_567391	90.559	286	25	2	14	298	715	999	2.58e-104	377
ASV39	Melli_45_016-contigs|k141_158433	90.559	286	25	2	14	298	17446	17730	2.58e-104	377
ASV39	F_fructivorans_strainDSM20203-contigs|AZDS01000008.1	89.860	286	27	2	14	298	3312	3028	5.59e-101	366
ASV39	L_senioris_DSM24302-contigs|AYZR01000005.1	89.123	285	31	0	14	298	694	978	1.21e-97	355
ASV39	A_kunkeei_DSM12361-contigs|CP080568	88.421	285	33	0	14	298	89541	89825	2.62e-94	344
ASV39	A_kunkeei_DSM12361-contigs|CP080568	88.421	285	33	0	14	298	386922	387206	2.62e-94	344
ASV39	A_kunkeei_DSM12361-contigs|CP080568	88.421	285	33	0	14	298	443647	443931	2.62e-94	344
ASV39	A_kunkeei_DSM12361-contigs|CP080568	88.421	285	33	0	14	298	683191	683475	2.62e-94	344
ASV39	A_kunkeei_DSM12361-contigs|CP080568	88.421	285	33	0	14	298	1051586	1051302	2.62e-94	344
ASV39	A_apinorum_strainFhon13-contigs|KQ440398.1	88.421	285	33	0	14	298	437	721	2.62e-94	344
ASV39	A_jinshanensis_brasiliensis-contigs|CP171343	88.070	285	34	0	14	298	261260	261544	1.22e-92	339
ASV39	A_jinshanensis_brasiliensis-contigs|CP171343	86.667	285	38	0	14	298	105640	105924	5.71e-86	316
ASV39	A_jinshanensis_brasiliensis-contigs|CP171343	86.316	285	39	0	14	298	1141365	1141081	2.66e-84	311
ASV39	A_jinshanensis_brasiliensis-contigs|CP171343	80.769	286	52	3	14	298	1042423	1042140	4.60e-57	220
ASV39	A_ozensis_DSM23829-contigs|AYYQ01000014.1	87.719	285	35	0	14	298	609	893	5.67e-91	333
ASV39	A_micheneri_strainNBRC113063-contigs|BEXE01000061.1	87.368	285	36	0	14	298	744	1028	2.64e-89	327
ASV39	A_micheneri_strainHlig3-contigs|POSO01000001.1	87.368	285	36	0	14	298	360100	359816	2.64e-89	327
ASV40	Scapto_92_002-contigs|k141_567391	90.526	285	27	0	14	298	715	999	2.58e-104	377
ASV40	Melli_45_016-contigs|k141_158433	90.526	285	27	0	14	298	17446	17730	2.58e-104	377
ASV40	F_fructivorans_strainDSM20203-contigs|AZDS01000008.1	90.210	286	26	2	14	298	3312	3028	1.20e-102	372
ASV40	L_senioris_DSM24302-contigs|AYZR01000005.1	89.474	285	30	0	14	298	694	978	2.60e-99	361
ASV40	A_kunkeei_DSM12361-contigs|CP080568	88.772	285	32	0	14	298	89541	89825	5.63e-96	350
ASV40	A_kunkeei_DSM12361-contigs|CP080568	88.772	285	32	0	14	298	386922	387206	5.63e-96	350
ASV40	A_kunkeei_DSM12361-contigs|CP080568	88.772	285	32	0	14	298	443647	443931	5.63e-96	350
ASV40	A_kunkeei_DSM12361-contigs|CP080568	88.772	285	32	0	14	298	683191	683475	5.63e-96	350
ASV40	A_kunkeei_DSM12361-contigs|CP080568	88.772	285	32	0	14	298	1051586	1051302	5.63e-96	350
ASV40	A_apinorum_strainFhon13-contigs|KQ440398.1	88.772	285	32	0	14	298	437	721	5.63e-96	350
ASV40	A_jinshanensis_brasiliensis-contigs|CP171343	88.421	285	33	0	14	298	261260	261544	2.62e-94	344
ASV40	A_jinshanensis_brasiliensis-contigs|CP171343	87.018	285	37	0	14	298	105640	105924	1.23e-87	322
ASV40	A_jinshanensis_brasiliensis-contigs|CP171343	86.667	285	38	0	14	298	1141365	1141081	5.71e-86	316
ASV40	A_jinshanensis_brasiliensis-contigs|CP171343	81.119	286	51	3	14	298	1042423	1042140	9.89e-59	226
ASV40	A_ozensis_DSM23829-contigs|AYYQ01000014.1	88.070	285	34	0	14	298	609	893	1.22e-92	339
ASV40	A_micheneri_strainNBRC113063-contigs|BEXE01000061.1	87.719	285	35	0	14	298	744	1028	5.67e-91	333
ASV40	A_micheneri_strainHlig3-contigs|POSO01000001.1	87.719	285	35	0	14	298	360100	359816	5.67e-91	333
ASV41	Scapto_92_002-contigs|k141_567391	90.526	285	27	0	14	298	715	999	2.58e-104	377
ASV41	Melli_45_016-contigs|k141_158433	90.526	285	27	0	14	298	17446	17730	2.58e-104	377
ASV41	F_fructivorans_strainDSM20203-contigs|AZDS01000008.1	90.210	286	26	2	14	298	3312	3028	1.20e-102	372
ASV41	L_senioris_DSM24302-contigs|AYZR01000005.1	89.474	285	30	0	14	298	694	978	2.60e-99	361
ASV41	A_kunkeei_DSM12361-contigs|CP080568	88.772	285	32	0	14	298	89541	89825	5.63e-96	350
ASV41	A_kunkeei_DSM12361-contigs|CP080568	88.772	285	32	0	14	298	386922	387206	5.63e-96	350
ASV41	A_kunkeei_DSM12361-contigs|CP080568	88.772	285	32	0	14	298	443647	443931	5.63e-96	350
ASV41	A_kunkeei_DSM12361-contigs|CP080568	88.772	285	32	0	14	298	683191	683475	5.63e-96	350
ASV41	A_kunkeei_DSM12361-contigs|CP080568	88.772	285	32	0	14	298	1051586	1051302	5.63e-96	350
ASV41	A_apinorum_strainFhon13-contigs|KQ440398.1	88.772	285	32	0	14	298	437	721	5.63e-96	350
ASV41	A_jinshanensis_brasiliensis-contigs|CP171343	88.421	285	33	0	14	298	261260	261544	2.62e-94	344
ASV41	A_jinshanensis_brasiliensis-contigs|CP171343	87.018	285	37	0	14	298	105640	105924	1.23e-87	322
ASV41	A_jinshanensis_brasiliensis-contigs|CP171343	86.667	285	38	0	14	298	1141365	1141081	5.71e-86	316
ASV41	A_jinshanensis_brasiliensis-contigs|CP171343	81.119	286	51	3	14	298	1042423	1042140	9.89e-59	226
ASV41	A_ozensis_DSM23829-contigs|AYYQ01000014.1	88.070	285	34	0	14	298	609	893	1.22e-92	339
ASV41	A_micheneri_strainNBRC113063-contigs|BEXE01000061.1	87.719	285	35	0	14	298	744	1028	5.67e-91	333
ASV41	A_micheneri_strainHlig3-contigs|POSO01000001.1	87.719	285	35	0	14	298	360100	359816	5.67e-91	333
ASV42	Scapto_92_002-contigs|k141_567391	91.336	277	24	0	14	290	715	991	7.18e-105	379
ASV42	Melli_45_016-contigs|k141_158433	91.336	277	24	0	14	290	17446	17722	7.18e-105	379
ASV42	F_fructivorans_strainDSM20203-contigs|AZDS01000008.1	90.210	286	26	2	14	298	3312	3028	1.20e-102	372
ASV42	L_senioris_DSM24302-contigs|AYZR01000005.1	89.474	285	30	0	14	298	694	978	2.60e-99	361
ASV42	A_kunkeei_DSM12361-contigs|CP080568	88.772	285	32	0	14	298	89541	89825	5.63e-96	350
ASV42	A_kunkeei_DSM12361-contigs|CP080568	88.772	285	32	0	14	298	386922	387206	5.63e-96	350
ASV42	A_kunkeei_DSM12361-contigs|CP080568	88.772	285	32	0	14	298	443647	443931	5.63e-96	350
ASV42	A_kunkeei_DSM12361-contigs|CP080568	88.772	285	32	0	14	298	683191	683475	5.63e-96	350
ASV42	A_kunkeei_DSM12361-contigs|CP080568	88.772	285	32	0	14	298	1051586	1051302	5.63e-96	350
ASV42	A_apinorum_strainFhon13-contigs|KQ440398.1	88.772	285	32	0	14	298	437	721	5.63e-96	350
ASV42	A_jinshanensis_brasiliensis-contigs|CP171343	88.421	285	33	0	14	298	261260	261544	2.62e-94	344
ASV42	A_jinshanensis_brasiliensis-contigs|CP171343	87.018	285	37	0	14	298	105640	105924	1.23e-87	322
ASV42	A_jinshanensis_brasiliensis-contigs|CP171343	86.667	285	38	0	14	298	1141365	1141081	5.71e-86	316
ASV42	A_jinshanensis_brasiliensis-contigs|CP171343	81.119	286	51	3	14	298	1042423	1042140	9.89e-59	226
ASV42	A_ozensis_DSM23829-contigs|AYYQ01000014.1	88.070	285	34	0	14	298	609	893	1.22e-92	339
ASV42	A_micheneri_strainNBRC113063-contigs|BEXE01000061.1	87.719	285	35	0	14	298	744	1028	5.67e-91	333
ASV42	A_micheneri_strainHlig3-contigs|POSO01000001.1	87.719	285	35	0	14	298	360100	359816	5.67e-91	333
ASV43	Scapto_92_002-contigs|k141_567391	91.336	277	24	0	14	290	715	991	7.18e-105	379
ASV43	Melli_45_016-contigs|k141_158433	91.336	277	24	0	14	290	17446	17722	7.18e-105	379
ASV43	F_fructivorans_strainDSM20203-contigs|AZDS01000008.1	90.210	286	26	2	14	298	3312	3028	1.20e-102	372
ASV43	L_senioris_DSM24302-contigs|AYZR01000005.1	89.474	285	30	0	14	298	694	978	2.60e-99	361
ASV43	A_kunkeei_DSM12361-contigs|CP080568	88.772	285	32	0	14	298	89541	89825	5.63e-96	350
ASV43	A_kunkeei_DSM12361-contigs|CP080568	88.772	285	32	0	14	298	386922	387206	5.63e-96	350
ASV43	A_kunkeei_DSM12361-contigs|CP080568	88.772	285	32	0	14	298	443647	443931	5.63e-96	350
ASV43	A_kunkeei_DSM12361-contigs|CP080568	88.772	285	32	0	14	298	683191	683475	5.63e-96	350
ASV43	A_kunkeei_DSM12361-contigs|CP080568	88.772	285	32	0	14	298	1051586	1051302	5.63e-96	350
ASV43	A_apinorum_strainFhon13-contigs|KQ440398.1	88.772	285	32	0	14	298	437	721	5.63e-96	350
ASV43	A_jinshanensis_brasiliensis-contigs|CP171343	88.421	285	33	0	14	298	261260	261544	2.62e-94	344
ASV43	A_jinshanensis_brasiliensis-contigs|CP171343	87.018	285	37	0	14	298	105640	105924	1.23e-87	322
ASV43	A_jinshanensis_brasiliensis-contigs|CP171343	86.667	285	38	0	14	298	1141365	1141081	5.71e-86	316
ASV43	A_jinshanensis_brasiliensis-contigs|CP171343	81.119	286	51	3	14	298	1042423	1042140	9.89e-59	226
ASV43	A_ozensis_DSM23829-contigs|AYYQ01000014.1	88.070	285	34	0	14	298	609	893	1.22e-92	339
ASV43	A_micheneri_strainNBRC113063-contigs|BEXE01000061.1	87.719	285	35	0	14	298	744	1028	5.67e-91	333
ASV43	A_micheneri_strainHlig3-contigs|POSO01000001.1	87.719	285	35	0	14	298	360100	359816	5.67e-91	333
ASV44	Scapto_92_002-contigs|k141_567391	90.877	285	26	0	14	298	715	999	5.55e-106	383
ASV44	Melli_45_016-contigs|k141_158433	90.877	285	26	0	14	298	17446	17730	5.55e-106	383
ASV44	F_fructivorans_strainDSM20203-contigs|AZDS01000008.1	90.559	286	25	2	14	298	3312	3028	2.58e-104	377
ASV44	L_senioris_DSM24302-contigs|AYZR01000005.1	89.825	285	29	0	14	298	694	978	5.59e-101	366
ASV44	A_kunkeei_DSM12361-contigs|CP080568	89.123	285	31	0	14	298	89541	89825	1.21e-97	355
ASV44	A_kunkeei_DSM12361-contigs|CP080568	89.123	285	31	0	14	298	386922	387206	1.21e-97	355
ASV44	A_kunkeei_DSM12361-contigs|CP080568	89.123	285	31	0	14	298	443647	443931	1.21e-97	355
ASV44	A_kunkeei_DSM12361-contigs|CP080568	89.123	285	31	0	14	298	683191	683475	1.21e-97	355
ASV44	A_kunkeei_DSM12361-contigs|CP080568	89.123	285	31	0	14	298	1051586	1051302	1.21e-97	355
ASV44	A_apinorum_strainFhon13-contigs|KQ440398.1	89.123	285	31	0	14	298	437	721	1.21e-97	355
ASV44	A_jinshanensis_brasiliensis-contigs|CP171343	88.772	285	32	0	14	298	261260	261544	5.63e-96	350
ASV44	A_jinshanensis_brasiliensis-contigs|CP171343	87.368	285	36	0	14	298	105640	105924	2.64e-89	327
ASV44	A_jinshanensis_brasiliensis-contigs|CP171343	87.018	285	37	0	14	298	1141365	1141081	1.23e-87	322
ASV44	A_jinshanensis_brasiliensis-contigs|CP171343	81.469	286	50	3	14	298	1042423	1042140	2.13e-60	231
ASV44	A_ozensis_DSM23829-contigs|AYYQ01000014.1	88.421	285	33	0	14	298	609	893	2.62e-94	344
ASV44	A_micheneri_strainNBRC113063-contigs|BEXE01000061.1	88.070	285	34	0	14	298	744	1028	1.22e-92	339
ASV44	A_micheneri_strainHlig3-contigs|POSO01000001.1	88.070	285	34	0	14	298	360100	359816	1.22e-92	339
ASV45	Scapto_92_002-contigs|k141_567391	90.378	291	27	1	9	298	709	999	2.00e-105	381
ASV45	Melli_45_016-contigs|k141_158433	90.378	291	27	1	9	298	17440	17730	2.00e-105	381
ASV45	Melli_45_016-contigs|k141_1186275	90.378	291	27	1	9	298	1055	765	2.00e-105	381
ASV45	Melli_41_001-contigs|k141_1172984	90.378	291	27	1	9	298	415	125	2.00e-105	381
ASV45	Melli_47_001-contigs|k141_195846	90.034	291	28	1	9	298	63099	63389	9.28e-104	375
ASV45	F_fructivorans_strainDSM20203-contigs|AZDS01000008.1	90.068	292	26	3	9	298	3318	3028	9.28e-104	375
ASV45	L_Lactobacillus_spSy1-contigs|JACCIU010000001.1	89.691	291	29	1	9	298	4361	4071	4.32e-102	370
ASV45	L_Lactobacillus_spSy1-contigs|JACCIU010000001.1	89.691	291	29	1	9	298	60960	60670	4.32e-102	370
ASV45	L_Lactobacillus_spSy1-contigs|JACCIU010000001.1	89.691	291	29	1	9	298	188605	188315	4.32e-102	370
ASV45	L_Lactobacillus_spSy1-contigs|JACCIU010000001.1	89.691	291	28	2	9	298	827189	827478	4.32e-102	370
ASV45	L_Lactobacillus_spSy1-contigs|JACCIU010000001.1	89.691	291	29	1	9	298	1277814	1277524	4.32e-102	370
ASV45	Scapto_89_002-contigs|k141_151098	89.347	291	30	1	9	298	559	269	2.01e-100	364
ASV45	L_senioris_DSM24302-contigs|AYZR01000005.1	89.347	291	30	1	9	298	688	978	2.01e-100	364
ASV45	A_kunkeei_DSM12361-contigs|CP080568	88.660	291	32	1	9	298	89535	89825	4.35e-97	353
ASV45	A_kunkeei_DSM12361-contigs|CP080568	88.660	291	32	1	9	298	386916	387206	4.35e-97	353
ASV45	A_kunkeei_DSM12361-contigs|CP080568	88.660	291	32	1	9	298	443641	443931	4.35e-97	353
ASV45	A_kunkeei_DSM12361-contigs|CP080568	88.660	291	32	1	9	298	683185	683475	4.35e-97	353
ASV45	A_kunkeei_DSM12361-contigs|CP080568	88.660	291	32	1	9	298	1051592	1051302	4.35e-97	353
ASV46	Scapto_92_002-contigs|k141_567391	91.166	283	24	1	9	290	709	991	5.55e-106	383
ASV46	Melli_45_016-contigs|k141_158433	91.166	283	24	1	9	290	17440	17722	5.55e-106	383
ASV46	Melli_45_016-contigs|k141_1186275	90.378	291	27	1	9	298	1055	765	2.00e-105	381
ASV46	Melli_41_001-contigs|k141_1172984	90.378	291	27	1	9	298	415	125	2.00e-105	381
ASV46	Melli_47_001-contigs|k141_195846	90.034	291	28	1	9	298	63099	63389	9.28e-104	375
ASV46	F_fructivorans_strainDSM20203-contigs|AZDS01000008.1	90.068	292	26	3	9	298	3318	3028	9.28e-104	375
ASV46	L_Lactobacillus_spSy1-contigs|JACCIU010000001.1	89.691	291	29	1	9	298	4361	4071	4.32e-102	370
ASV46	L_Lactobacillus_spSy1-contigs|JACCIU010000001.1	89.691	291	29	1	9	298	60960	60670	4.32e-102	370
ASV46	L_Lactobacillus_spSy1-contigs|JACCIU010000001.1	89.691	291	29	1	9	298	188605	188315	4.32e-102	370
ASV46	L_Lactobacillus_spSy1-contigs|JACCIU010000001.1	89.691	291	28	2	9	298	827189	827478	4.32e-102	370
ASV46	L_Lactobacillus_spSy1-contigs|JACCIU010000001.1	89.691	291	29	1	9	298	1277814	1277524	4.32e-102	370
ASV46	Scapto_89_002-contigs|k141_151098	89.347	291	30	1	9	298	559	269	2.01e-100	364
ASV46	L_senioris_DSM24302-contigs|AYZR01000005.1	89.347	291	30	1	9	298	688	978	2.01e-100	364
ASV46	A_kunkeei_DSM12361-contigs|CP080568	88.660	291	32	1	9	298	89535	89825	4.35e-97	353
ASV46	A_kunkeei_DSM12361-contigs|CP080568	88.660	291	32	1	9	298	386916	387206	4.35e-97	353
ASV46	A_kunkeei_DSM12361-contigs|CP080568	88.660	291	32	1	9	298	443641	443931	4.35e-97	353
ASV46	A_kunkeei_DSM12361-contigs|CP080568	88.660	291	32	1	9	298	683185	683475	4.35e-97	353
ASV46	A_kunkeei_DSM12361-contigs|CP080568	88.660	291	32	1	9	298	1051592	1051302	4.35e-97	353
ASV47	Scapto_92_002-contigs|k141_567391	90.722	291	26	1	9	298	709	999	4.29e-107	387
ASV47	Melli_45_016-contigs|k141_158433	90.722	291	26	1	9	298	17440	17730	4.29e-107	387
ASV47	Melli_45_016-contigs|k141_1186275	90.722	291	26	1	9	298	1055	765	4.29e-107	387
ASV47	Melli_41_001-contigs|k141_1172984	90.722	291	26	1	9	298	415	125	4.29e-107	387
ASV47	Melli_47_001-contigs|k141_195846	90.378	291	27	1	9	298	63099	63389	2.00e-105	381
ASV47	F_fructivorans_strainDSM20203-contigs|AZDS01000008.1	90.411	292	25	3	9	298	3318	3028	2.00e-105	381
ASV47	L_Lactobacillus_spSy1-contigs|JACCIU010000001.1	90.034	291	28	1	9	298	4361	4071	9.28e-104	375
ASV47	L_Lactobacillus_spSy1-contigs|JACCIU010000001.1	90.034	291	28	1	9	298	60960	60670	9.28e-104	375
ASV47	L_Lactobacillus_spSy1-contigs|JACCIU010000001.1	90.034	291	28	1	9	298	188605	188315	9.28e-104	375
ASV47	L_Lactobacillus_spSy1-contigs|JACCIU010000001.1	90.034	291	27	2	9	298	827189	827478	9.28e-104	375
ASV47	L_Lactobacillus_spSy1-contigs|JACCIU010000001.1	90.034	291	28	1	9	298	1277814	1277524	9.28e-104	375
ASV47	Scapto_89_002-contigs|k141_151098	89.691	291	29	1	9	298	559	269	4.32e-102	370
ASV47	L_senioris_DSM24302-contigs|AYZR01000005.1	89.691	291	29	1	9	298	688	978	4.32e-102	370
ASV47	A_kunkeei_DSM12361-contigs|CP080568	89.003	291	31	1	9	298	89535	89825	9.35e-99	359
ASV47	A_kunkeei_DSM12361-contigs|CP080568	89.003	291	31	1	9	298	386916	387206	9.35e-99	359
ASV47	A_kunkeei_DSM12361-contigs|CP080568	89.003	291	31	1	9	298	443641	443931	9.35e-99	359
ASV47	A_kunkeei_DSM12361-contigs|CP080568	89.003	291	31	1	9	298	683185	683475	9.35e-99	359
ASV47	A_kunkeei_DSM12361-contigs|CP080568	89.003	291	31	1	9	298	1051592	1051302	9.35e-99	359
ASV48	Scapto_92_002-contigs|k141_567391	90.722	291	26	1	9	298	709	999	4.29e-107	387
ASV48	Melli_45_016-contigs|k141_158433	90.722	291	26	1	9	298	17440	17730	4.29e-107	387
ASV48	Melli_45_016-contigs|k141_1186275	90.722	291	26	1	9	298	1055	765	4.29e-107	387
ASV48	Melli_41_001-contigs|k141_1172984	90.722	291	26	1	9	298	415	125	4.29e-107	387
ASV48	Melli_47_001-contigs|k141_195846	90.378	291	27	1	9	298	63099	63389	2.00e-105	381
ASV48	F_fructivorans_strainDSM20203-contigs|AZDS01000008.1	90.411	292	25	3	9	298	3318	3028	2.00e-105	381
ASV48	L_Lactobacillus_spSy1-contigs|JACCIU010000001.1	90.034	291	28	1	9	298	4361	4071	9.28e-104	375
ASV48	L_Lactobacillus_spSy1-contigs|JACCIU010000001.1	90.034	291	28	1	9	298	60960	60670	9.28e-104	375
ASV48	L_Lactobacillus_spSy1-contigs|JACCIU010000001.1	90.034	291	28	1	9	298	188605	188315	9.28e-104	375
ASV48	L_Lactobacillus_spSy1-contigs|JACCIU010000001.1	90.034	291	27	2	9	298	827189	827478	9.28e-104	375
ASV48	L_Lactobacillus_spSy1-contigs|JACCIU010000001.1	90.034	291	28	1	9	298	1277814	1277524	9.28e-104	375
ASV48	Scapto_89_002-contigs|k141_151098	89.691	291	29	1	9	298	559	269	4.32e-102	370
ASV48	L_senioris_DSM24302-contigs|AYZR01000005.1	89.691	291	29	1	9	298	688	978	4.32e-102	370
ASV48	A_kunkeei_DSM12361-contigs|CP080568	89.003	291	31	1	9	298	89535	89825	9.35e-99	359
ASV48	A_kunkeei_DSM12361-contigs|CP080568	89.003	291	31	1	9	298	386916	387206	9.35e-99	359
ASV48	A_kunkeei_DSM12361-contigs|CP080568	89.003	291	31	1	9	298	443641	443931	9.35e-99	359
ASV48	A_kunkeei_DSM12361-contigs|CP080568	89.003	291	31	1	9	298	683185	683475	9.35e-99	359
ASV48	A_kunkeei_DSM12361-contigs|CP080568	89.003	291	31	1	9	298	1051592	1051302	9.35e-99	359
ASV49	Melli_45_016-contigs|k141_1186275	98.625	291	4	0	8	298	1055	765	5.24e-146	516
ASV49	Melli_41_001-contigs|k141_1172984	98.625	291	4	0	8	298	415	125	5.24e-146	516
ASV49	Melli_47_001-contigs|k141_195846	98.282	291	5	0	8	298	63099	63389	2.44e-144	510
ASV49	Scapto_89_002-contigs|k141_151098	97.595	291	7	0	8	298	559	269	5.28e-141	499
ASV49	L_Lactobacillus_spSy1-contigs|JACCIU010000001.1	97.595	291	7	0	8	298	4361	4071	5.28e-141	499
ASV49	L_Lactobacillus_spSy1-contigs|JACCIU010000001.1	97.595	291	7	0	8	298	60960	60670	5.28e-141	499
ASV49	L_Lactobacillus_spSy1-contigs|JACCIU010000001.1	97.595	291	7	0	8	298	188605	188315	5.28e-141	499
ASV49	L_Lactobacillus_spSy1-contigs|JACCIU010000001.1	97.595	291	7	0	8	298	1277814	1277524	5.28e-141	499
ASV49	L_Lactobacillus_spSy1-contigs|JACCIU010000001.1	97.595	291	6	1	8	298	827189	827478	1.90e-140	497
ASV49	L_senioris_DSM24302-contigs|AYZR01000005.1	96.564	291	10	0	8	298	688	978	5.32e-136	483
ASV49	F_fructivorans_strainDSM20203-contigs|AZDS01000008.1	96.575	292	8	2	8	298	3318	3028	5.32e-136	483
ASV49	Scapto_92_002-contigs|k141_567391	97.173	283	8	0	8	290	709	991	6.88e-135	479
ASV49	Melli_45_016-contigs|k141_158433	97.173	283	8	0	8	290	17440	17722	6.88e-135	479
ASV49	F_lindneri_strainDSM20690-contigs|JQBT01000013.1	94.845	291	15	0	8	298	515	225	1.16e-127	455
ASV50	Melli_45_016-contigs|k141_1186275	98.625	291	4	0	8	298	1055	765	5.24e-146	516
ASV50	Melli_41_001-contigs|k141_1172984	98.625	291	4	0	8	298	415	125	5.24e-146	516
ASV50	Melli_47_001-contigs|k141_195846	98.282	291	5	0	8	298	63099	63389	2.44e-144	510
ASV50	Scapto_89_002-contigs|k141_151098	97.595	291	7	0	8	298	559	269	5.28e-141	499
ASV50	L_Lactobacillus_spSy1-contigs|JACCIU010000001.1	97.595	291	7	0	8	298	4361	4071	5.28e-141	499
ASV50	L_Lactobacillus_spSy1-contigs|JACCIU010000001.1	97.595	291	7	0	8	298	60960	60670	5.28e-141	499
ASV50	L_Lactobacillus_spSy1-contigs|JACCIU010000001.1	97.595	291	7	0	8	298	188605	188315	5.28e-141	499
ASV50	L_Lactobacillus_spSy1-contigs|JACCIU010000001.1	97.595	291	7	0	8	298	1277814	1277524	5.28e-141	499
ASV50	L_Lactobacillus_spSy1-contigs|JACCIU010000001.1	97.595	291	6	1	8	298	827189	827478	1.90e-140	497
ASV50	L_senioris_DSM24302-contigs|AYZR01000005.1	96.564	291	10	0	8	298	688	978	5.32e-136	483
ASV50	F_fructivorans_strainDSM20203-contigs|AZDS01000008.1	96.575	292	8	2	8	298	3318	3028	5.32e-136	483
ASV50	Scapto_92_002-contigs|k141_567391	97.173	283	8	0	8	290	709	991	6.88e-135	479
ASV50	Melli_45_016-contigs|k141_158433	97.173	283	8	0	8	290	17440	17722	6.88e-135	479
ASV50	F_lindneri_strainDSM20690-contigs|JQBT01000013.1	94.845	291	15	0	8	298	515	225	1.16e-127	455
ASV51	Melli_45_016-contigs|k141_1186275	98.625	291	4	0	8	298	1055	765	5.24e-146	516
ASV51	Melli_41_001-contigs|k141_1172984	98.625	291	4	0	8	298	415	125	5.24e-146	516
ASV51	Melli_47_001-contigs|k141_195846	98.282	291	5	0	8	298	63099	63389	2.44e-144	510
ASV51	Scapto_89_002-contigs|k141_151098	97.595	291	7	0	8	298	559	269	5.28e-141	499
ASV51	L_Lactobacillus_spSy1-contigs|JACCIU010000001.1	97.595	291	7	0	8	298	4361	4071	5.28e-141	499
ASV51	L_Lactobacillus_spSy1-contigs|JACCIU010000001.1	97.595	291	7	0	8	298	60960	60670	5.28e-141	499
ASV51	L_Lactobacillus_spSy1-contigs|JACCIU010000001.1	97.595	291	7	0	8	298	188605	188315	5.28e-141	499
ASV51	L_Lactobacillus_spSy1-contigs|JACCIU010000001.1	97.595	291	7	0	8	298	1277814	1277524	5.28e-141	499
ASV51	L_Lactobacillus_spSy1-contigs|JACCIU010000001.1	97.595	291	6	1	8	298	827189	827478	1.90e-140	497
ASV51	Scapto_92_002-contigs|k141_567391	96.575	292	8	2	8	298	709	999	5.32e-136	483
ASV51	Melli_45_016-contigs|k141_158433	96.575	292	8	2	8	298	17440	17730	5.32e-136	483
ASV51	L_senioris_DSM24302-contigs|AYZR01000005.1	96.564	291	10	0	8	298	688	978	5.32e-136	483
ASV51	F_fructivorans_strainDSM20203-contigs|AZDS01000008.1	96.575	292	8	2	8	298	3318	3028	5.32e-136	483
ASV51	F_lindneri_strainDSM20690-contigs|JQBT01000013.1	94.845	291	15	0	8	298	515	225	1.16e-127	455
ASV52	Melli_45_016-contigs|k141_1186275	99.313	291	2	0	8	298	1055	765	2.42e-149	527
ASV52	Melli_41_001-contigs|k141_1172984	99.313	291	2	0	8	298	415	125	2.42e-149	527
ASV52	Melli_47_001-contigs|k141_195846	98.969	291	3	0	8	298	63099	63389	1.13e-147	521
ASV52	Scapto_89_002-contigs|k141_151098	98.282	291	5	0	8	298	559	269	2.44e-144	510
ASV52	L_Lactobacillus_spSy1-contigs|JACCIU010000001.1	98.282	291	5	0	8	298	4361	4071	2.44e-144	510
ASV52	L_Lactobacillus_spSy1-contigs|JACCIU010000001.1	98.282	291	5	0	8	298	60960	60670	2.44e-144	510
ASV52	L_Lactobacillus_spSy1-contigs|JACCIU010000001.1	98.282	291	5	0	8	298	188605	188315	2.44e-144	510
ASV52	L_Lactobacillus_spSy1-contigs|JACCIU010000001.1	98.282	291	5	0	8	298	1277814	1277524	2.44e-144	510
ASV52	L_Lactobacillus_spSy1-contigs|JACCIU010000001.1	98.282	291	4	1	8	298	827189	827478	8.77e-144	508
ASV52	L_senioris_DSM24302-contigs|AYZR01000005.1	97.251	291	8	0	8	298	688	978	2.46e-139	494
ASV52	F_fructivorans_strainDSM20203-contigs|AZDS01000008.1	97.260	292	6	2	8	298	3318	3028	2.46e-139	494
ASV52	Scapto_92_002-contigs|k141_567391	96.907	291	9	0	8	298	709	999	1.14e-137	488
ASV52	Melli_45_016-contigs|k141_158433	96.907	291	9	0	8	298	17440	17730	1.14e-137	488
ASV52	F_lindneri_strainDSM20690-contigs|JQBT01000013.1	95.533	291	13	0	8	298	515	225	5.36e-131	466
ASV53	Melli_45_016-contigs|k141_1186275	98.969	291	3	0	8	298	1055	765	1.13e-147	521
ASV53	Melli_41_001-contigs|k141_1172984	98.969	291	3	0	8	298	415	125	1.13e-147	521
ASV53	Melli_47_001-contigs|k141_195846	98.625	291	4	0	8	298	63099	63389	5.24e-146	516
ASV53	Scapto_89_002-contigs|k141_151098	97.938	291	6	0	8	298	559	269	1.13e-142	505
ASV53	L_Lactobacillus_spSy1-contigs|JACCIU010000001.1	97.938	291	6	0	8	298	4361	4071	1.13e-142	505
ASV53	L_Lactobacillus_spSy1-contigs|JACCIU010000001.1	97.938	291	6	0	8	298	60960	60670	1.13e-142	505
ASV53	L_Lactobacillus_spSy1-contigs|JACCIU010000001.1	97.938	291	6	0	8	298	188605	188315	1.13e-142	505
ASV53	L_Lactobacillus_spSy1-contigs|JACCIU010000001.1	97.938	291	6	0	8	298	1277814	1277524	1.13e-142	505
ASV53	L_Lactobacillus_spSy1-contigs|JACCIU010000001.1	97.938	291	5	1	8	298	827189	827478	4.08e-142	503
ASV53	L_senioris_DSM24302-contigs|AYZR01000005.1	96.907	291	9	0	8	298	688	978	1.14e-137	488
ASV53	F_fructivorans_strainDSM20203-contigs|AZDS01000008.1	96.918	292	7	2	8	298	3318	3028	1.14e-137	488
ASV53	Scapto_92_002-contigs|k141_567391	96.564	291	10	0	8	298	709	999	5.32e-136	483
ASV53	Melli_45_016-contigs|k141_158433	96.564	291	10	0	8	298	17440	17730	5.32e-136	483
ASV53	F_lindneri_strainDSM20690-contigs|JQBT01000013.1	95.189	291	14	0	8	298	515	225	2.49e-129	460
ASV54	Melli_45_016-contigs|k141_1186275	98.969	291	3	0	8	298	1055	765	1.13e-147	521
ASV54	Melli_41_001-contigs|k141_1172984	98.969	291	3	0	8	298	415	125	1.13e-147	521
ASV54	Melli_47_001-contigs|k141_195846	98.625	291	4	0	8	298	63099	63389	5.24e-146	516
ASV54	Scapto_89_002-contigs|k141_151098	97.938	291	6	0	8	298	559	269	1.13e-142	505
ASV54	L_Lactobacillus_spSy1-contigs|JACCIU010000001.1	97.938	291	6	0	8	298	4361	4071	1.13e-142	505
ASV54	L_Lactobacillus_spSy1-contigs|JACCIU010000001.1	97.938	291	6	0	8	298	60960	60670	1.13e-142	505
ASV54	L_Lactobacillus_spSy1-contigs|JACCIU010000001.1	97.938	291	6	0	8	298	188605	188315	1.13e-142	505
ASV54	L_Lactobacillus_spSy1-contigs|JACCIU010000001.1	97.938	291	6	0	8	298	1277814	1277524	1.13e-142	505
ASV54	L_Lactobacillus_spSy1-contigs|JACCIU010000001.1	97.938	291	5	1	8	298	827189	827478	4.08e-142	503
ASV54	L_senioris_DSM24302-contigs|AYZR01000005.1	96.907	291	9	0	8	298	688	978	1.14e-137	488
ASV54	F_fructivorans_strainDSM20203-contigs|AZDS01000008.1	96.918	292	7	2	8	298	3318	3028	1.14e-137	488
ASV54	Scapto_92_002-contigs|k141_567391	97.527	283	7	0	8	290	709	991	1.48e-136	484
ASV54	Melli_45_016-contigs|k141_158433	97.527	283	7	0	8	290	17440	17722	1.48e-136	484
ASV54	F_lindneri_strainDSM20690-contigs|JQBT01000013.1	95.189	291	14	0	8	298	515	225	2.49e-129	460
ASV55	Melli_45_016-contigs|k141_1186275	99.313	291	2	0	8	298	1055	765	2.42e-149	527
ASV55	Melli_41_001-contigs|k141_1172984	99.313	291	2	0	8	298	415	125	2.42e-149	527
ASV55	Melli_47_001-contigs|k141_195846	98.969	291	3	0	8	298	63099	63389	1.13e-147	521
ASV55	Scapto_89_002-contigs|k141_151098	98.282	291	5	0	8	298	559	269	2.44e-144	510
ASV55	L_Lactobacillus_spSy1-contigs|JACCIU010000001.1	98.282	291	5	0	8	298	4361	4071	2.44e-144	510
ASV55	L_Lactobacillus_spSy1-contigs|JACCIU010000001.1	98.282	291	5	0	8	298	60960	60670	2.44e-144	510
ASV55	L_Lactobacillus_spSy1-contigs|JACCIU010000001.1	98.282	291	5	0	8	298	188605	188315	2.44e-144	510
ASV55	L_Lactobacillus_spSy1-contigs|JACCIU010000001.1	98.282	291	5	0	8	298	1277814	1277524	2.44e-144	510
ASV55	L_Lactobacillus_spSy1-contigs|JACCIU010000001.1	98.282	291	4	1	8	298	827189	827478	8.77e-144	508
ASV55	L_senioris_DSM24302-contigs|AYZR01000005.1	97.251	291	8	0	8	298	688	978	2.46e-139	494
ASV55	F_fructivorans_strainDSM20203-contigs|AZDS01000008.1	97.260	292	6	2	8	298	3318	3028	2.46e-139	494
ASV55	Scapto_92_002-contigs|k141_567391	96.907	291	9	0	8	298	709	999	1.14e-137	488
ASV55	Melli_45_016-contigs|k141_158433	96.907	291	9	0	8	298	17440	17730	1.14e-137	488
ASV55	F_lindneri_strainDSM20690-contigs|JQBT01000013.1	95.533	291	13	0	8	298	515	225	5.36e-131	466
ASV56	Melli_45_016-contigs|k141_1186275	99.656	291	1	0	8	298	1055	765	5.21e-151	532
ASV56	Melli_41_001-contigs|k141_1172984	99.656	291	1	0	8	298	415	125	5.21e-151	532
ASV56	Melli_47_001-contigs|k141_195846	99.313	291	2	0	8	298	63099	63389	2.42e-149	527
ASV56	Scapto_89_002-contigs|k141_151098	98.625	291	4	0	8	298	559	269	5.24e-146	516
ASV56	L_Lactobacillus_spSy1-contigs|JACCIU010000001.1	98.625	291	4	0	8	298	4361	4071	5.24e-146	516
ASV56	L_Lactobacillus_spSy1-contigs|JACCIU010000001.1	98.625	291	4	0	8	298	60960	60670	5.24e-146	516
ASV56	L_Lactobacillus_spSy1-contigs|JACCIU010000001.1	98.625	291	4	0	8	298	188605	188315	5.24e-146	516
ASV56	L_Lactobacillus_spSy1-contigs|JACCIU010000001.1	98.625	291	4	0	8	298	1277814	1277524	5.24e-146	516
ASV56	L_Lactobacillus_spSy1-contigs|JACCIU010000001.1	98.625	291	3	1	8	298	827189	827478	1.89e-145	514
ASV56	L_senioris_DSM24302-contigs|AYZR01000005.1	97.595	291	7	0	8	298	688	978	5.28e-141	499
ASV56	F_fructivorans_strainDSM20203-contigs|AZDS01000008.1	97.603	292	5	2	8	298	3318	3028	5.28e-141	499
ASV56	Scapto_92_002-contigs|k141_567391	97.251	291	8	0	8	298	709	999	2.46e-139	494
ASV56	Melli_45_016-contigs|k141_158433	97.251	291	8	0	8	298	17440	17730	2.46e-139	494
ASV56	F_lindneri_strainDSM20690-contigs|JQBT01000013.1	95.876	291	12	0	8	298	515	225	1.15e-132	472
ASV57	Scapto_92_002-contigs|k141_567391	90.813	283	26	0	8	290	709	991	7.18e-105	379
ASV57	Melli_45_016-contigs|k141_158433	90.813	283	26	0	8	290	17440	17722	7.18e-105	379
ASV57	Melli_45_016-contigs|k141_1186275	90.034	291	29	0	8	298	1055	765	2.58e-104	377
ASV57	Melli_41_001-contigs|k141_1172984	90.034	291	29	0	8	298	415	125	2.58e-104	377
ASV57	Melli_47_001-contigs|k141_195846	89.691	291	30	0	8	298	63099	63389	1.20e-102	372
ASV57	F_fructivorans_strainDSM20203-contigs|AZDS01000008.1	89.726	292	28	2	8	298	3318	3028	1.20e-102	372
ASV57	L_Lactobacillus_spSy1-contigs|JACCIU010000001.1	89.347	291	31	0	8	298	4361	4071	5.59e-101	366
ASV57	L_Lactobacillus_spSy1-contigs|JACCIU010000001.1	89.347	291	31	0	8	298	60960	60670	5.59e-101	366
ASV57	L_Lactobacillus_spSy1-contigs|JACCIU010000001.1	89.347	291	31	0	8	298	188605	188315	5.59e-101	366
ASV57	L_Lactobacillus_spSy1-contigs|JACCIU010000001.1	89.347	291	31	0	8	298	1277814	1277524	5.59e-101	366
ASV57	L_Lactobacillus_spSy1-contigs|JACCIU010000001.1	89.347	291	30	1	8	298	827189	827478	2.01e-100	364
ASV57	Scapto_89_002-contigs|k141_151098	89.003	291	32	0	8	298	559	269	2.60e-99	361
ASV57	L_senioris_DSM24302-contigs|AYZR01000005.1	89.003	291	32	0	8	298	688	978	2.60e-99	361
ASV57	A_kunkeei_DSM12361-contigs|CP080568	88.316	291	34	0	8	298	89535	89825	5.63e-96	350
ASV57	A_kunkeei_DSM12361-contigs|CP080568	88.316	291	34	0	8	298	386916	387206	5.63e-96	350
ASV57	A_kunkeei_DSM12361-contigs|CP080568	88.316	291	34	0	8	298	443641	443931	5.63e-96	350
ASV57	A_kunkeei_DSM12361-contigs|CP080568	88.316	291	34	0	8	298	683185	683475	5.63e-96	350
ASV57	A_kunkeei_DSM12361-contigs|CP080568	88.316	291	34	0	8	298	1051592	1051302	5.63e-96	350
ASV58	Scapto_92_002-contigs|k141_567391	90.378	291	28	0	8	298	709	999	5.55e-106	383
ASV58	Melli_45_016-contigs|k141_158433	90.378	291	28	0	8	298	17440	17730	5.55e-106	383
ASV58	Melli_45_016-contigs|k141_1186275	90.378	291	28	0	8	298	1055	765	5.55e-106	383
ASV58	Melli_41_001-contigs|k141_1172984	90.378	291	28	0	8	298	415	125	5.55e-106	383
ASV58	Melli_47_001-contigs|k141_195846	90.034	291	29	0	8	298	63099	63389	2.58e-104	377
ASV58	F_fructivorans_strainDSM20203-contigs|AZDS01000008.1	90.068	292	27	2	8	298	3318	3028	2.58e-104	377
ASV58	L_Lactobacillus_spSy1-contigs|JACCIU010000001.1	89.691	291	30	0	8	298	4361	4071	1.20e-102	372
ASV58	L_Lactobacillus_spSy1-contigs|JACCIU010000001.1	89.691	291	30	0	8	298	60960	60670	1.20e-102	372
ASV58	L_Lactobacillus_spSy1-contigs|JACCIU010000001.1	89.691	291	30	0	8	298	188605	188315	1.20e-102	372
ASV58	L_Lactobacillus_spSy1-contigs|JACCIU010000001.1	89.691	291	30	0	8	298	1277814	1277524	1.20e-102	372
ASV58	L_Lactobacillus_spSy1-contigs|JACCIU010000001.1	89.691	291	29	1	8	298	827189	827478	4.32e-102	370
ASV58	Scapto_89_002-contigs|k141_151098	89.347	291	31	0	8	298	559	269	5.59e-101	366
ASV58	L_senioris_DSM24302-contigs|AYZR01000005.1	89.347	291	31	0	8	298	688	978	5.59e-101	366
ASV58	A_kunkeei_DSM12361-contigs|CP080568	88.660	291	33	0	8	298	89535	89825	1.21e-97	355
ASV58	A_kunkeei_DSM12361-contigs|CP080568	88.660	291	33	0	8	298	386916	387206	1.21e-97	355
ASV58	A_kunkeei_DSM12361-contigs|CP080568	88.660	291	33	0	8	298	443641	443931	1.21e-97	355
ASV58	A_kunkeei_DSM12361-contigs|CP080568	88.660	291	33	0	8	298	683185	683475	1.21e-97	355
ASV58	A_kunkeei_DSM12361-contigs|CP080568	88.660	291	33	0	8	298	1051592	1051302	1.21e-97	355
ASV59	Scapto_92_002-contigs|k141_567391	90.411	292	26	2	8	298	709	999	5.55e-106	383
ASV59	Melli_45_016-contigs|k141_158433	90.411	292	26	2	8	298	17440	17730	5.55e-106	383
ASV59	Melli_45_016-contigs|k141_1186275	90.034	291	29	0	8	298	1055	765	2.58e-104	377
ASV59	Melli_41_001-contigs|k141_1172984	90.034	291	29	0	8	298	415	125	2.58e-104	377
ASV59	Melli_47_001-contigs|k141_195846	89.691	291	30	0	8	298	63099	63389	1.20e-102	372
ASV59	F_fructivorans_strainDSM20203-contigs|AZDS01000008.1	89.726	292	28	2	8	298	3318	3028	1.20e-102	372
ASV59	L_Lactobacillus_spSy1-contigs|JACCIU010000001.1	89.347	291	31	0	8	298	4361	4071	5.59e-101	366
ASV59	L_Lactobacillus_spSy1-contigs|JACCIU010000001.1	89.347	291	31	0	8	298	60960	60670	5.59e-101	366
ASV59	L_Lactobacillus_spSy1-contigs|JACCIU010000001.1	89.347	291	31	0	8	298	188605	188315	5.59e-101	366
ASV59	L_Lactobacillus_spSy1-contigs|JACCIU010000001.1	89.347	291	31	0	8	298	1277814	1277524	5.59e-101	366
ASV59	L_Lactobacillus_spSy1-contigs|JACCIU010000001.1	89.347	291	30	1	8	298	827189	827478	2.01e-100	364
ASV59	Scapto_89_002-contigs|k141_151098	89.003	291	32	0	8	298	559	269	2.60e-99	361
ASV59	L_senioris_DSM24302-contigs|AYZR01000005.1	89.003	291	32	0	8	298	688	978	2.60e-99	361
ASV59	A_kunkeei_DSM12361-contigs|CP080568	88.316	291	34	0	8	298	89535	89825	5.63e-96	350
ASV59	A_kunkeei_DSM12361-contigs|CP080568	88.316	291	34	0	8	298	386916	387206	5.63e-96	350
ASV59	A_kunkeei_DSM12361-contigs|CP080568	88.316	291	34	0	8	298	443641	443931	5.63e-96	350
ASV59	A_kunkeei_DSM12361-contigs|CP080568	88.316	291	34	0	8	298	683185	683475	5.63e-96	350
ASV59	A_kunkeei_DSM12361-contigs|CP080568	88.316	291	34	0	8	298	1051592	1051302	5.63e-96	350
ASV60	Scapto_92_002-contigs|k141_567391	90.378	291	28	0	8	298	709	999	5.55e-106	383
ASV60	Melli_45_016-contigs|k141_158433	90.378	291	28	0	8	298	17440	17730	5.55e-106	383
ASV60	Melli_45_016-contigs|k141_1186275	90.378	291	28	0	8	298	1055	765	5.55e-106	383
ASV60	Melli_41_001-contigs|k141_1172984	90.378	291	28	0	8	298	415	125	5.55e-106	383
ASV60	Melli_47_001-contigs|k141_195846	90.034	291	29	0	8	298	63099	63389	2.58e-104	377
ASV60	F_fructivorans_strainDSM20203-contigs|AZDS01000008.1	90.068	292	27	2	8	298	3318	3028	2.58e-104	377
ASV60	L_Lactobacillus_spSy1-contigs|JACCIU010000001.1	89.691	291	30	0	8	298	4361	4071	1.20e-102	372
ASV60	L_Lactobacillus_spSy1-contigs|JACCIU010000001.1	89.691	291	30	0	8	298	60960	60670	1.20e-102	372
ASV60	L_Lactobacillus_spSy1-contigs|JACCIU010000001.1	89.691	291	30	0	8	298	188605	188315	1.20e-102	372
ASV60	L_Lactobacillus_spSy1-contigs|JACCIU010000001.1	89.691	291	30	0	8	298	1277814	1277524	1.20e-102	372
ASV60	L_Lactobacillus_spSy1-contigs|JACCIU010000001.1	89.691	291	29	1	8	298	827189	827478	4.32e-102	370
ASV60	Scapto_89_002-contigs|k141_151098	89.347	291	31	0	8	298	559	269	5.59e-101	366
ASV60	L_senioris_DSM24302-contigs|AYZR01000005.1	89.347	291	31	0	8	298	688	978	5.59e-101	366
ASV60	A_kunkeei_DSM12361-contigs|CP080568	88.660	291	33	0	8	298	89535	89825	1.21e-97	355
ASV60	A_kunkeei_DSM12361-contigs|CP080568	88.660	291	33	0	8	298	386916	387206	1.21e-97	355
ASV60	A_kunkeei_DSM12361-contigs|CP080568	88.660	291	33	0	8	298	443641	443931	1.21e-97	355
ASV60	A_kunkeei_DSM12361-contigs|CP080568	88.660	291	33	0	8	298	683185	683475	1.21e-97	355
ASV60	A_kunkeei_DSM12361-contigs|CP080568	88.660	291	33	0	8	298	1051592	1051302	1.21e-97	355
ASV61	Scapto_92_002-contigs|k141_567391	91.166	283	25	0	8	290	709	991	1.54e-106	385
ASV61	Melli_45_016-contigs|k141_158433	91.166	283	25	0	8	290	17440	17722	1.54e-106	385
ASV61	Melli_45_016-contigs|k141_1186275	90.378	291	28	0	8	298	1055	765	5.55e-106	383
ASV61	Melli_41_001-contigs|k141_1172984	90.378	291	28	0	8	298	415	125	5.55e-106	383
ASV61	Melli_47_001-contigs|k141_195846	90.034	291	29	0	8	298	63099	63389	2.58e-104	377
ASV61	F_fructivorans_strainDSM20203-contigs|AZDS01000008.1	90.068	292	27	2	8	298	3318	3028	2.58e-104	377
ASV61	L_Lactobacillus_spSy1-contigs|JACCIU010000001.1	89.691	291	30	0	8	298	4361	4071	1.20e-102	372
ASV61	L_Lactobacillus_spSy1-contigs|JACCIU010000001.1	89.691	291	30	0	8	298	60960	60670	1.20e-102	372
ASV61	L_Lactobacillus_spSy1-contigs|JACCIU010000001.1	89.691	291	30	0	8	298	188605	188315	1.20e-102	372
ASV61	L_Lactobacillus_spSy1-contigs|JACCIU010000001.1	89.691	291	30	0	8	298	1277814	1277524	1.20e-102	372
ASV61	L_Lactobacillus_spSy1-contigs|JACCIU010000001.1	89.691	291	29	1	8	298	827189	827478	4.32e-102	370
ASV61	Scapto_89_002-contigs|k141_151098	89.347	291	31	0	8	298	559	269	5.59e-101	366
ASV61	L_senioris_DSM24302-contigs|AYZR01000005.1	89.347	291	31	0	8	298	688	978	5.59e-101	366
ASV61	A_kunkeei_DSM12361-contigs|CP080568	88.660	291	33	0	8	298	89535	89825	1.21e-97	355
ASV61	A_kunkeei_DSM12361-contigs|CP080568	88.660	291	33	0	8	298	386916	387206	1.21e-97	355
ASV61	A_kunkeei_DSM12361-contigs|CP080568	88.660	291	33	0	8	298	443641	443931	1.21e-97	355
ASV61	A_kunkeei_DSM12361-contigs|CP080568	88.660	291	33	0	8	298	683185	683475	1.21e-97	355
ASV61	A_kunkeei_DSM12361-contigs|CP080568	88.660	291	33	0	8	298	1051592	1051302	1.21e-97	355
ASV62	A_jinshanensis_brasiliensis-contigs|CP171343	88.889	288	25	7	14	298	1042423	1042140	2.02e-95	348
ASV63	Melli_45_016-contigs|k141_1186275	99.649	285	1	0	14	298	1049	765	1.13e-147	521
ASV63	Melli_41_001-contigs|k141_1172984	99.649	285	1	0	14	298	409	125	1.13e-147	521
ASV63	Melli_47_001-contigs|k141_195846	98.625	291	4	0	8	298	63099	63389	5.24e-146	516
ASV63	Scapto_89_002-contigs|k141_151098	98.596	285	4	0	14	298	553	269	1.13e-142	505
ASV63	L_Lactobacillus_spSy1-contigs|JACCIU010000001.1	98.596	285	4	0	14	298	4355	4071	1.13e-142	505
ASV63	L_Lactobacillus_spSy1-contigs|JACCIU010000001.1	98.596	285	4	0	14	298	60954	60670	1.13e-142	505
ASV63	L_Lactobacillus_spSy1-contigs|JACCIU010000001.1	98.596	285	4	0	14	298	188599	188315	1.13e-142	505
ASV63	L_Lactobacillus_spSy1-contigs|JACCIU010000001.1	98.596	285	4	0	14	298	1277808	1277524	1.13e-142	505
ASV63	L_Lactobacillus_spSy1-contigs|JACCIU010000001.1	97.938	291	5	1	8	298	827189	827478	4.08e-142	503
ASV63	L_senioris_DSM24302-contigs|AYZR01000005.1	96.907	291	9	0	8	298	688	978	1.14e-137	488
ASV63	F_fructivorans_strainDSM20203-contigs|AZDS01000008.1	97.552	286	5	2	14	298	3312	3028	1.14e-137	488
ASV63	Scapto_92_002-contigs|k141_567391	96.564	291	10	0	8	298	709	999	5.32e-136	483
ASV63	Melli_45_016-contigs|k141_158433	96.564	291	10	0	8	298	17440	17730	5.32e-136	483
ASV63	F_lindneri_strainDSM20690-contigs|JQBT01000013.1	95.789	285	12	0	14	298	509	225	2.49e-129	460
ASV64	Melli_45_016-contigs|k141_1186275	99.298	285	2	0	14	298	1049	765	5.24e-146	516
ASV64	Melli_41_001-contigs|k141_1172984	99.298	285	2	0	14	298	409	125	5.24e-146	516
ASV64	Melli_47_001-contigs|k141_195846	98.282	291	5	0	8	298	63099	63389	2.44e-144	510
ASV64	Scapto_89_002-contigs|k141_151098	98.246	285	5	0	14	298	553	269	5.28e-141	499
ASV64	L_Lactobacillus_spSy1-contigs|JACCIU010000001.1	98.246	285	5	0	14	298	4355	4071	5.28e-141	499
ASV64	L_Lactobacillus_spSy1-contigs|JACCIU010000001.1	98.246	285	5	0	14	298	60954	60670	5.28e-141	499
ASV64	L_Lactobacillus_spSy1-contigs|JACCIU010000001.1	98.246	285	5	0	14	298	188599	188315	5.28e-141	499
ASV64	L_Lactobacillus_spSy1-contigs|JACCIU010000001.1	98.246	285	5	0	14	298	1277808	1277524	5.28e-141	499
ASV64	L_Lactobacillus_spSy1-contigs|JACCIU010000001.1	97.595	291	6	1	8	298	827189	827478	1.90e-140	497
ASV64	L_senioris_DSM24302-contigs|AYZR01000005.1	96.564	291	10	0	8	298	688	978	5.32e-136	483
ASV64	F_fructivorans_strainDSM20203-contigs|AZDS01000008.1	97.203	286	6	2	14	298	3312	3028	5.32e-136	483
ASV64	Scapto_92_002-contigs|k141_567391	97.173	283	8	0	8	290	709	991	6.88e-135	479
ASV64	Melli_45_016-contigs|k141_158433	97.173	283	8	0	8	290	17440	17722	6.88e-135	479
ASV64	F_lindneri_strainDSM20690-contigs|JQBT01000013.1	95.439	285	13	0	14	298	509	225	1.16e-127	455
ASV65	Melli_45_016-contigs|k141_1186275	99.298	285	2	0	14	298	1049	765	5.24e-146	516
ASV65	Melli_41_001-contigs|k141_1172984	99.298	285	2	0	14	298	409	125	5.24e-146	516
ASV65	Melli_47_001-contigs|k141_195846	98.282	291	5	0	8	298	63099	63389	2.44e-144	510
ASV65	Scapto_89_002-contigs|k141_151098	98.246	285	5	0	14	298	553	269	5.28e-141	499
ASV65	L_Lactobacillus_spSy1-contigs|JACCIU010000001.1	98.246	285	5	0	14	298	4355	4071	5.28e-141	499
ASV65	L_Lactobacillus_spSy1-contigs|JACCIU010000001.1	98.246	285	5	0	14	298	60954	60670	5.28e-141	499
ASV65	L_Lactobacillus_spSy1-contigs|JACCIU010000001.1	98.246	285	5	0	14	298	188599	188315	5.28e-141	499
ASV65	L_Lactobacillus_spSy1-contigs|JACCIU010000001.1	98.246	285	5	0	14	298	1277808	1277524	5.28e-141	499
ASV65	L_Lactobacillus_spSy1-contigs|JACCIU010000001.1	97.595	291	6	1	8	298	827189	827478	1.90e-140	497
ASV65	Scapto_92_002-contigs|k141_567391	96.575	292	8	2	8	298	709	999	5.32e-136	483
ASV65	Melli_45_016-contigs|k141_158433	96.575	292	8	2	8	298	17440	17730	5.32e-136	483
ASV65	L_senioris_DSM24302-contigs|AYZR01000005.1	96.564	291	10	0	8	298	688	978	5.32e-136	483
ASV65	F_fructivorans_strainDSM20203-contigs|AZDS01000008.1	97.203	286	6	2	14	298	3312	3028	5.32e-136	483
ASV65	F_lindneri_strainDSM20690-contigs|JQBT01000013.1	95.439	285	13	0	14	298	509	225	1.16e-127	455
ASV66	Melli_45_016-contigs|k141_1186275	99.298	285	2	0	14	298	1049	765	5.24e-146	516
ASV66	Melli_41_001-contigs|k141_1172984	99.298	285	2	0	14	298	409	125	5.24e-146	516
ASV66	Melli_47_001-contigs|k141_195846	98.282	291	5	0	8	298	63099	63389	2.44e-144	510
ASV66	Scapto_89_002-contigs|k141_151098	98.246	285	5	0	14	298	553	269	5.28e-141	499
ASV66	L_Lactobacillus_spSy1-contigs|JACCIU010000001.1	98.246	285	5	0	14	298	4355	4071	5.28e-141	499
ASV66	L_Lactobacillus_spSy1-contigs|JACCIU010000001.1	98.246	285	5	0	14	298	60954	60670	5.28e-141	499
ASV66	L_Lactobacillus_spSy1-contigs|JACCIU010000001.1	98.246	285	5	0	14	298	188599	188315	5.28e-141	499
ASV66	L_Lactobacillus_spSy1-contigs|JACCIU010000001.1	98.246	285	5	0	14	298	1277808	1277524	5.28e-141	499
ASV66	L_Lactobacillus_spSy1-contigs|JACCIU010000001.1	97.595	291	6	1	8	298	827189	827478	1.90e-140	497
ASV66	Scapto_92_002-contigs|k141_567391	96.575	292	8	2	8	298	709	999	5.32e-136	483
ASV66	Melli_45_016-contigs|k141_158433	96.575	292	8	2	8	298	17440	17730	5.32e-136	483
ASV66	L_senioris_DSM24302-contigs|AYZR01000005.1	96.564	291	10	0	8	298	688	978	5.32e-136	483
ASV66	F_fructivorans_strainDSM20203-contigs|AZDS01000008.1	97.203	286	6	2	14	298	3312	3028	5.32e-136	483
ASV66	F_lindneri_strainDSM20690-contigs|JQBT01000013.1	95.439	285	13	0	14	298	509	225	1.16e-127	455
ASV67	Melli_45_016-contigs|k141_1186275	99.052	211	2	0	42	252	975	765	5.97e-105	379
ASV67	Melli_45_016-contigs|k141_1186275	96.078	51	2	0	1	51	1229	1179	5.24e-16	84.2
ASV67	Melli_41_001-contigs|k141_1172984	99.052	211	2	0	42	252	335	125	5.97e-105	379
ASV67	Melli_41_001-contigs|k141_1172984	96.078	51	2	0	1	51	589	539	5.24e-16	84.2
ASV67	Melli_47_001-contigs|k141_195846	98.578	211	3	0	42	252	63179	63389	2.78e-103	374
ASV67	Melli_47_001-contigs|k141_195846	96.078	51	2	0	1	51	62925	62975	5.24e-16	84.2
ASV67	L_Lactobacillus_spSy1-contigs|JACCIU010000001.1	98.104	211	4	0	42	252	4281	4071	1.29e-101	368
ASV67	L_Lactobacillus_spSy1-contigs|JACCIU010000001.1	98.104	211	4	0	42	252	60880	60670	1.29e-101	368
ASV67	L_Lactobacillus_spSy1-contigs|JACCIU010000001.1	98.104	211	4	0	42	252	188525	188315	1.29e-101	368
ASV67	L_Lactobacillus_spSy1-contigs|JACCIU010000001.1	98.104	211	4	0	42	252	827268	827478	1.29e-101	368
ASV67	L_Lactobacillus_spSy1-contigs|JACCIU010000001.1	98.104	211	4	0	42	252	1277734	1277524	1.29e-101	368
ASV67	L_Lactobacillus_spSy1-contigs|JACCIU010000001.1	96.078	51	2	0	1	51	4535	4485	5.24e-16	84.2
ASV67	L_Lactobacillus_spSy1-contigs|JACCIU010000001.1	96.078	51	2	0	1	51	61134	61084	5.24e-16	84.2
ASV67	L_Lactobacillus_spSy1-contigs|JACCIU010000001.1	96.078	51	2	0	1	51	188779	188729	5.24e-16	84.2
ASV67	L_Lactobacillus_spSy1-contigs|JACCIU010000001.1	96.078	51	2	0	1	51	827015	827065	5.24e-16	84.2
ASV67	L_Lactobacillus_spSy1-contigs|JACCIU010000001.1	96.078	51	2	0	1	51	1277988	1277938	5.24e-16	84.2
ASV67	Scapto_89_002-contigs|k141_151098	97.630	211	5	0	42	252	479	269	6.01e-100	363
ASV67	Scapto_89_002-contigs|k141_151098	96.078	51	2	0	1	51	733	683	5.24e-16	84.2
ASV67	L_senioris_DSM24302-contigs|AYZR01000005.1	97.630	211	5	0	42	252	768	978	6.01e-100	363
ASV67	L_senioris_DSM24302-contigs|AYZR01000005.1	96.078	51	2	0	1	51	514	564	5.24e-16	84.2
ASV67	F_fructivorans_strainDSM20203-contigs|AZDS01000008.1	97.630	211	5	0	42	252	3238	3028	6.01e-100	363
ASV67	F_fructivorans_strainDSM20203-contigs|AZDS01000008.1	96.078	51	2	0	1	51	3492	3442	5.24e-16	84.2
ASV67	Scapto_92_002-contigs|k141_567391	98.522	203	3	0	42	244	789	991	7.78e-99	359
ASV67	Melli_45_016-contigs|k141_158433	98.522	203	3	0	42	244	17520	17722	7.78e-99	359
ASV67	F_lindneri_strainDSM20690-contigs|JQBT01000013.1	94.787	211	11	0	42	252	435	225	6.10e-90	329
ASV67	F_lindneri_strainDSM20690-contigs|JQBT01000013.1	96.078	51	2	0	1	51	689	639	5.24e-16	84.2
ASV68	Melli_45_016-contigs|k141_1186275	99.052	211	2	0	42	252	975	765	5.97e-105	379
ASV68	Melli_45_016-contigs|k141_1186275	96.078	51	2	0	1	51	1229	1179	5.24e-16	84.2
ASV68	Melli_41_001-contigs|k141_1172984	99.052	211	2	0	42	252	335	125	5.97e-105	379
ASV68	Melli_41_001-contigs|k141_1172984	96.078	51	2	0	1	51	589	539	5.24e-16	84.2
ASV68	Melli_47_001-contigs|k141_195846	98.578	211	3	0	42	252	63179	63389	2.78e-103	374
ASV68	Melli_47_001-contigs|k141_195846	96.078	51	2	0	1	51	62925	62975	5.24e-16	84.2
ASV68	L_Lactobacillus_spSy1-contigs|JACCIU010000001.1	98.104	211	4	0	42	252	4281	4071	1.29e-101	368
ASV68	L_Lactobacillus_spSy1-contigs|JACCIU010000001.1	98.104	211	4	0	42	252	60880	60670	1.29e-101	368
ASV68	L_Lactobacillus_spSy1-contigs|JACCIU010000001.1	98.104	211	4	0	42	252	188525	188315	1.29e-101	368
ASV68	L_Lactobacillus_spSy1-contigs|JACCIU010000001.1	98.104	211	4	0	42	252	827268	827478	1.29e-101	368
ASV68	L_Lactobacillus_spSy1-contigs|JACCIU010000001.1	98.104	211	4	0	42	252	1277734	1277524	1.29e-101	368
ASV68	L_Lactobacillus_spSy1-contigs|JACCIU010000001.1	96.078	51	2	0	1	51	4535	4485	5.24e-16	84.2
ASV68	L_Lactobacillus_spSy1-contigs|JACCIU010000001.1	96.078	51	2	0	1	51	61134	61084	5.24e-16	84.2
ASV68	L_Lactobacillus_spSy1-contigs|JACCIU010000001.1	96.078	51	2	0	1	51	188779	188729	5.24e-16	84.2
ASV68	L_Lactobacillus_spSy1-contigs|JACCIU010000001.1	96.078	51	2	0	1	51	827015	827065	5.24e-16	84.2
ASV68	L_Lactobacillus_spSy1-contigs|JACCIU010000001.1	96.078	51	2	0	1	51	1277988	1277938	5.24e-16	84.2
ASV68	Scapto_92_002-contigs|k141_567391	97.642	212	3	2	42	252	789	999	6.01e-100	363
ASV68	Scapto_89_002-contigs|k141_151098	97.630	211	5	0	42	252	479	269	6.01e-100	363
ASV68	Scapto_89_002-contigs|k141_151098	96.078	51	2	0	1	51	733	683	5.24e-16	84.2
ASV68	Melli_45_016-contigs|k141_158433	97.642	212	3	2	42	252	17520	17730	6.01e-100	363
ASV68	L_senioris_DSM24302-contigs|AYZR01000005.1	97.630	211	5	0	42	252	768	978	6.01e-100	363
ASV68	L_senioris_DSM24302-contigs|AYZR01000005.1	96.078	51	2	0	1	51	514	564	5.24e-16	84.2
ASV68	F_fructivorans_strainDSM20203-contigs|AZDS01000008.1	97.630	211	5	0	42	252	3238	3028	6.01e-100	363
ASV68	F_fructivorans_strainDSM20203-contigs|AZDS01000008.1	96.078	51	2	0	1	51	3492	3442	5.24e-16	84.2
ASV68	F_lindneri_strainDSM20690-contigs|JQBT01000013.1	94.787	211	11	0	42	252	435	225	6.10e-90	329
ASV68	F_lindneri_strainDSM20690-contigs|JQBT01000013.1	96.078	51	2	0	1	51	689	639	5.24e-16	84.2
ASV69	Melli_45_016-contigs|k141_1186275	100.000	211	0	0	42	252	975	765	2.76e-108	390
ASV69	Melli_45_016-contigs|k141_1186275	96.078	51	2	0	1	51	1229	1179	5.24e-16	84.2
ASV69	Melli_41_001-contigs|k141_1172984	100.000	211	0	0	42	252	335	125	2.76e-108	390
ASV69	Melli_41_001-contigs|k141_1172984	96.078	51	2	0	1	51	589	539	5.24e-16	84.2
ASV69	Melli_47_001-contigs|k141_195846	99.526	211	1	0	42	252	63179	63389	1.28e-106	385
ASV69	Melli_47_001-contigs|k141_195846	96.078	51	2	0	1	51	62925	62975	5.24e-16	84.2
ASV69	L_Lactobacillus_spSy1-contigs|JACCIU010000001.1	99.052	211	2	0	42	252	4281	4071	5.97e-105	379
ASV69	L_Lactobacillus_spSy1-contigs|JACCIU010000001.1	99.052	211	2	0	42	252	60880	60670	5.97e-105	379
ASV69	L_Lactobacillus_spSy1-contigs|JACCIU010000001.1	99.052	211	2	0	42	252	188525	188315	5.97e-105	379
ASV69	L_Lactobacillus_spSy1-contigs|JACCIU010000001.1	99.052	211	2	0	42	252	827268	827478	5.97e-105	379
ASV69	L_Lactobacillus_spSy1-contigs|JACCIU010000001.1	99.052	211	2	0	42	252	1277734	1277524	5.97e-105	379
ASV69	L_Lactobacillus_spSy1-contigs|JACCIU010000001.1	96.078	51	2	0	1	51	4535	4485	5.24e-16	84.2
ASV69	L_Lactobacillus_spSy1-contigs|JACCIU010000001.1	96.078	51	2	0	1	51	61134	61084	5.24e-16	84.2
ASV69	L_Lactobacillus_spSy1-contigs|JACCIU010000001.1	96.078	51	2	0	1	51	188779	188729	5.24e-16	84.2
ASV69	L_Lactobacillus_spSy1-contigs|JACCIU010000001.1	96.078	51	2	0	1	51	827015	827065	5.24e-16	84.2
ASV69	L_Lactobacillus_spSy1-contigs|JACCIU010000001.1	96.078	51	2	0	1	51	1277988	1277938	5.24e-16	84.2
ASV69	Scapto_89_002-contigs|k141_151098	98.578	211	3	0	42	252	479	269	2.78e-103	374
ASV69	Scapto_89_002-contigs|k141_151098	96.078	51	2	0	1	51	733	683	5.24e-16	84.2
ASV69	L_senioris_DSM24302-contigs|AYZR01000005.1	98.578	211	3	0	42	252	768	978	2.78e-103	374
ASV69	L_senioris_DSM24302-contigs|AYZR01000005.1	96.078	51	2	0	1	51	514	564	5.24e-16	84.2
ASV69	F_fructivorans_strainDSM20203-contigs|AZDS01000008.1	98.578	211	3	0	42	252	3238	3028	2.78e-103	374
ASV69	F_fructivorans_strainDSM20203-contigs|AZDS01000008.1	96.078	51	2	0	1	51	3492	3442	5.24e-16	84.2
ASV69	Scapto_92_002-contigs|k141_567391	98.104	211	4	0	42	252	789	999	1.29e-101	368
ASV69	Melli_45_016-contigs|k141_158433	98.104	211	4	0	42	252	17520	17730	1.29e-101	368
ASV69	F_lindneri_strainDSM20690-contigs|JQBT01000013.1	95.735	211	9	0	42	252	435	225	2.82e-93	340
ASV69	F_lindneri_strainDSM20690-contigs|JQBT01000013.1	96.078	51	2	0	1	51	689	639	5.24e-16	84.2
ASV70	Melli_45_016-contigs|k141_1186275	99.298	285	2	0	14	298	1049	765	5.24e-146	516
ASV70	Melli_41_001-contigs|k141_1172984	99.298	285	2	0	14	298	409	125	5.24e-146	516
ASV70	Melli_47_001-contigs|k141_195846	98.947	285	3	0	14	298	63105	63389	2.44e-144	510
ASV70	Scapto_89_002-contigs|k141_151098	98.246	285	5	0	14	298	553	269	5.28e-141	499
ASV70	L_Lactobacillus_spSy1-contigs|JACCIU010000001.1	98.246	285	5	0	14	298	4355	4071	5.28e-141	499
ASV70	L_Lactobacillus_spSy1-contigs|JACCIU010000001.1	98.246	285	5	0	14	298	60954	60670	5.28e-141	499
ASV70	L_Lactobacillus_spSy1-contigs|JACCIU010000001.1	98.246	285	5	0	14	298	188599	188315	5.28e-141	499
ASV70	L_Lactobacillus_spSy1-contigs|JACCIU010000001.1	98.246	285	5	0	14	298	1277808	1277524	5.28e-141	499
ASV70	L_Lactobacillus_spSy1-contigs|JACCIU010000001.1	98.246	285	4	1	14	298	827195	827478	1.90e-140	497
ASV70	L_senioris_DSM24302-contigs|AYZR01000005.1	97.193	285	8	0	14	298	694	978	5.32e-136	483
ASV70	F_fructivorans_strainDSM20203-contigs|AZDS01000008.1	97.203	286	6	2	14	298	3312	3028	5.32e-136	483
ASV70	Scapto_92_002-contigs|k141_567391	96.842	285	9	0	14	298	715	999	2.47e-134	477
ASV70	Melli_45_016-contigs|k141_158433	96.842	285	9	0	14	298	17446	17730	2.47e-134	477
ASV70	F_lindneri_strainDSM20690-contigs|JQBT01000013.1	95.439	285	13	0	14	298	509	225	1.16e-127	455
ASV71	Melli_45_016-contigs|k141_1186275	98.947	285	3	0	14	298	1049	765	2.44e-144	510
ASV71	Melli_41_001-contigs|k141_1172984	98.947	285	3	0	14	298	409	125	2.44e-144	510
ASV71	Melli_47_001-contigs|k141_195846	98.596	285	4	0	14	298	63105	63389	1.13e-142	505
ASV71	Scapto_89_002-contigs|k141_151098	97.895	285	6	0	14	298	553	269	2.46e-139	494
ASV71	L_Lactobacillus_spSy1-contigs|JACCIU010000001.1	97.895	285	6	0	14	298	4355	4071	2.46e-139	494
ASV71	L_Lactobacillus_spSy1-contigs|JACCIU010000001.1	97.895	285	6	0	14	298	60954	60670	2.46e-139	494
ASV71	L_Lactobacillus_spSy1-contigs|JACCIU010000001.1	97.895	285	6	0	14	298	188599	188315	2.46e-139	494
ASV71	L_Lactobacillus_spSy1-contigs|JACCIU010000001.1	97.895	285	6	0	14	298	1277808	1277524	2.46e-139	494
ASV71	L_Lactobacillus_spSy1-contigs|JACCIU010000001.1	97.895	285	5	1	14	298	827195	827478	8.84e-139	492
ASV71	Scapto_92_002-contigs|k141_567391	96.853	286	7	2	14	298	715	999	2.47e-134	477
ASV71	Melli_45_016-contigs|k141_158433	96.853	286	7	2	14	298	17446	17730	2.47e-134	477
ASV71	L_senioris_DSM24302-contigs|AYZR01000005.1	96.842	285	9	0	14	298	694	978	2.47e-134	477
ASV71	F_fructivorans_strainDSM20203-contigs|AZDS01000008.1	96.853	286	7	2	14	298	3312	3028	2.47e-134	477
ASV71	F_lindneri_strainDSM20690-contigs|JQBT01000013.1	95.088	285	14	0	14	298	509	225	5.39e-126	449
ASV72	Melli_45_016-contigs|k141_1186275	99.298	285	2	0	14	298	1049	765	5.24e-146	516
ASV72	Melli_41_001-contigs|k141_1172984	99.298	285	2	0	14	298	409	125	5.24e-146	516
ASV72	Melli_47_001-contigs|k141_195846	98.947	285	3	0	14	298	63105	63389	2.44e-144	510
ASV72	Scapto_89_002-contigs|k141_151098	98.246	285	5	0	14	298	553	269	5.28e-141	499
ASV72	L_Lactobacillus_spSy1-contigs|JACCIU010000001.1	98.246	285	5	0	14	298	4355	4071	5.28e-141	499
ASV72	L_Lactobacillus_spSy1-contigs|JACCIU010000001.1	98.246	285	5	0	14	298	60954	60670	5.28e-141	499
ASV72	L_Lactobacillus_spSy1-contigs|JACCIU010000001.1	98.246	285	5	0	14	298	188599	188315	5.28e-141	499
ASV72	L_Lactobacillus_spSy1-contigs|JACCIU010000001.1	98.246	285	5	0	14	298	1277808	1277524	5.28e-141	499
ASV72	L_Lactobacillus_spSy1-contigs|JACCIU010000001.1	98.246	285	4	1	14	298	827195	827478	1.90e-140	497
ASV72	L_senioris_DSM24302-contigs|AYZR01000005.1	97.193	285	8	0	14	298	694	978	5.32e-136	483
ASV72	F_fructivorans_strainDSM20203-contigs|AZDS01000008.1	97.203	286	6	2	14	298	3312	3028	5.32e-136	483
ASV72	Scapto_92_002-contigs|k141_567391	96.842	285	9	0	14	298	715	999	2.47e-134	477
ASV72	Melli_45_016-contigs|k141_158433	96.842	285	9	0	14	298	17446	17730	2.47e-134	477
ASV72	F_lindneri_strainDSM20690-contigs|JQBT01000013.1	95.439	285	13	0	14	298	509	225	1.16e-127	455
ASV73	Melli_45_016-contigs|k141_1186275	99.649	285	1	0	14	298	1049	765	1.13e-147	521
ASV73	Melli_41_001-contigs|k141_1172984	99.649	285	1	0	14	298	409	125	1.13e-147	521
ASV73	Melli_47_001-contigs|k141_195846	99.298	285	2	0	14	298	63105	63389	5.24e-146	516
ASV73	Scapto_89_002-contigs|k141_151098	98.596	285	4	0	14	298	553	269	1.13e-142	505
ASV73	L_Lactobacillus_spSy1-contigs|JACCIU010000001.1	98.596	285	4	0	14	298	4355	4071	1.13e-142	505
ASV73	L_Lactobacillus_spSy1-contigs|JACCIU010000001.1	98.596	285	4	0	14	298	60954	60670	1.13e-142	505
ASV73	L_Lactobacillus_spSy1-contigs|JACCIU010000001.1	98.596	285	4	0	14	298	188599	188315	1.13e-142	505
ASV73	L_Lactobacillus_spSy1-contigs|JACCIU010000001.1	98.596	285	4	0	14	298	1277808	1277524	1.13e-142	505
ASV73	L_Lactobacillus_spSy1-contigs|JACCIU010000001.1	98.596	285	3	1	14	298	827195	827478	4.08e-142	503
ASV73	L_senioris_DSM24302-contigs|AYZR01000005.1	97.544	285	7	0	14	298	694	978	1.14e-137	488
ASV73	F_fructivorans_strainDSM20203-contigs|AZDS01000008.1	97.552	286	5	2	14	298	3312	3028	1.14e-137	488
ASV73	Scapto_92_002-contigs|k141_567391	97.193	285	8	0	14	298	715	999	5.32e-136	483
ASV73	Melli_45_016-contigs|k141_158433	97.193	285	8	0	14	298	17446	17730	5.32e-136	483
ASV73	F_lindneri_strainDSM20690-contigs|JQBT01000013.1	95.789	285	12	0	14	298	509	225	2.49e-129	460
ASV74	Melli_45_016-contigs|k141_1186275	99.298	285	2	0	14	298	1049	765	5.24e-146	516
ASV74	Melli_41_001-contigs|k141_1172984	99.298	285	2	0	14	298	409	125	5.24e-146	516
ASV74	Melli_47_001-contigs|k141_195846	98.947	285	3	0	14	298	63105	63389	2.44e-144	510
ASV74	Scapto_89_002-contigs|k141_151098	98.246	285	5	0	14	298	553	269	5.28e-141	499
ASV74	L_Lactobacillus_spSy1-contigs|JACCIU010000001.1	98.246	285	5	0	14	298	4355	4071	5.28e-141	499
ASV74	L_Lactobacillus_spSy1-contigs|JACCIU010000001.1	98.246	285	5	0	14	298	60954	60670	5.28e-141	499
ASV74	L_Lactobacillus_spSy1-contigs|JACCIU010000001.1	98.246	285	5	0	14	298	188599	188315	5.28e-141	499
ASV74	L_Lactobacillus_spSy1-contigs|JACCIU010000001.1	98.246	285	5	0	14	298	1277808	1277524	5.28e-141	499
ASV74	L_Lactobacillus_spSy1-contigs|JACCIU010000001.1	98.246	285	4	1	14	298	827195	827478	1.90e-140	497
ASV74	Scapto_92_002-contigs|k141_567391	97.203	286	6	2	14	298	715	999	5.32e-136	483
ASV74	Melli_45_016-contigs|k141_158433	97.203	286	6	2	14	298	17446	17730	5.32e-136	483
ASV74	L_senioris_DSM24302-contigs|AYZR01000005.1	97.193	285	8	0	14	298	694	978	5.32e-136	483
ASV74	F_fructivorans_strainDSM20203-contigs|AZDS01000008.1	97.203	286	6	2	14	298	3312	3028	5.32e-136	483
ASV74	F_lindneri_strainDSM20690-contigs|JQBT01000013.1	95.439	285	13	0	14	298	509	225	1.16e-127	455
ASV75	Melli_45_016-contigs|k141_1186275	99.649	285	1	0	14	298	1049	765	1.13e-147	521
ASV75	Melli_41_001-contigs|k141_1172984	99.649	285	1	0	14	298	409	125	1.13e-147	521
ASV75	Melli_47_001-contigs|k141_195846	99.298	285	2	0	14	298	63105	63389	5.24e-146	516
ASV75	Scapto_89_002-contigs|k141_151098	98.596	285	4	0	14	298	553	269	1.13e-142	505
ASV75	L_Lactobacillus_spSy1-contigs|JACCIU010000001.1	98.596	285	4	0	14	298	4355	4071	1.13e-142	505
ASV75	L_Lactobacillus_spSy1-contigs|JACCIU010000001.1	98.596	285	4	0	14	298	60954	60670	1.13e-142	505
ASV75	L_Lactobacillus_spSy1-contigs|JACCIU010000001.1	98.596	285	4	0	14	298	188599	188315	1.13e-142	505
ASV75	L_Lactobacillus_spSy1-contigs|JACCIU010000001.1	98.596	285	4	0	14	298	1277808	1277524	1.13e-142	505
ASV75	L_Lactobacillus_spSy1-contigs|JACCIU010000001.1	98.596	285	3	1	14	298	827195	827478	4.08e-142	503
ASV75	L_senioris_DSM24302-contigs|AYZR01000005.1	97.544	285	7	0	14	298	694	978	1.14e-137	488
ASV75	F_fructivorans_strainDSM20203-contigs|AZDS01000008.1	97.552	286	5	2	14	298	3312	3028	1.14e-137	488
ASV75	Scapto_92_002-contigs|k141_567391	97.193	285	8	0	14	298	715	999	5.32e-136	483
ASV75	Melli_45_016-contigs|k141_158433	97.193	285	8	0	14	298	17446	17730	5.32e-136	483
ASV75	F_lindneri_strainDSM20690-contigs|JQBT01000013.1	95.789	285	12	0	14	298	509	225	2.49e-129	460
ASV76	Scapto_92_002-contigs|k141_567391	90.975	277	25	0	14	290	715	991	3.34e-103	374
ASV76	Melli_45_016-contigs|k141_158433	90.975	277	25	0	14	290	17446	17722	3.34e-103	374
ASV76	F_fructivorans_strainDSM20203-contigs|AZDS01000008.1	89.860	286	27	2	14	298	3312	3028	5.59e-101	366
ASV76	L_senioris_DSM24302-contigs|AYZR01000005.1	89.123	285	31	0	14	298	694	978	1.21e-97	355
ASV76	A_kunkeei_DSM12361-contigs|CP080568	88.421	285	33	0	14	298	89541	89825	2.62e-94	344
ASV76	A_kunkeei_DSM12361-contigs|CP080568	88.421	285	33	0	14	298	386922	387206	2.62e-94	344
ASV76	A_kunkeei_DSM12361-contigs|CP080568	88.421	285	33	0	14	298	443647	443931	2.62e-94	344
ASV76	A_kunkeei_DSM12361-contigs|CP080568	88.421	285	33	0	14	298	683191	683475	2.62e-94	344
ASV76	A_kunkeei_DSM12361-contigs|CP080568	88.421	285	33	0	14	298	1051586	1051302	2.62e-94	344
ASV76	A_apinorum_strainFhon13-contigs|KQ440398.1	88.421	285	33	0	14	298	437	721	2.62e-94	344
ASV76	A_jinshanensis_brasiliensis-contigs|CP171343	88.070	285	34	0	14	298	261260	261544	1.22e-92	339
ASV76	A_jinshanensis_brasiliensis-contigs|CP171343	86.667	285	38	0	14	298	105640	105924	5.71e-86	316
ASV76	A_jinshanensis_brasiliensis-contigs|CP171343	86.316	285	39	0	14	298	1141365	1141081	2.66e-84	311
ASV76	A_jinshanensis_brasiliensis-contigs|CP171343	80.769	286	52	3	14	298	1042423	1042140	4.60e-57	220
ASV76	A_ozensis_DSM23829-contigs|AYYQ01000014.1	87.719	285	35	0	14	298	609	893	5.67e-91	333
ASV76	A_micheneri_strainNBRC113063-contigs|BEXE01000061.1	87.368	285	36	0	14	298	744	1028	2.64e-89	327
ASV76	A_micheneri_strainHlig3-contigs|POSO01000001.1	87.368	285	36	0	14	298	360100	359816	2.64e-89	327
ASV77	Scapto_92_002-contigs|k141_567391	90.526	285	27	0	14	298	715	999	2.58e-104	377
ASV77	Melli_45_016-contigs|k141_158433	90.526	285	27	0	14	298	17446	17730	2.58e-104	377
ASV77	F_fructivorans_strainDSM20203-contigs|AZDS01000008.1	90.210	286	26	2	14	298	3312	3028	1.20e-102	372
ASV77	L_senioris_DSM24302-contigs|AYZR01000005.1	89.474	285	30	0	14	298	694	978	2.60e-99	361
ASV77	A_kunkeei_DSM12361-contigs|CP080568	88.772	285	32	0	14	298	89541	89825	5.63e-96	350
ASV77	A_kunkeei_DSM12361-contigs|CP080568	88.772	285	32	0	14	298	386922	387206	5.63e-96	350
ASV77	A_kunkeei_DSM12361-contigs|CP080568	88.772	285	32	0	14	298	443647	443931	5.63e-96	350
ASV77	A_kunkeei_DSM12361-contigs|CP080568	88.772	285	32	0	14	298	683191	683475	5.63e-96	350
ASV77	A_kunkeei_DSM12361-contigs|CP080568	88.772	285	32	0	14	298	1051586	1051302	5.63e-96	350
ASV77	A_apinorum_strainFhon13-contigs|KQ440398.1	88.772	285	32	0	14	298	437	721	5.63e-96	350
ASV77	A_jinshanensis_brasiliensis-contigs|CP171343	88.421	285	33	0	14	298	261260	261544	2.62e-94	344
ASV77	A_jinshanensis_brasiliensis-contigs|CP171343	87.018	285	37	0	14	298	105640	105924	1.23e-87	322
ASV77	A_jinshanensis_brasiliensis-contigs|CP171343	86.667	285	38	0	14	298	1141365	1141081	5.71e-86	316
ASV77	A_jinshanensis_brasiliensis-contigs|CP171343	81.119	286	51	3	14	298	1042423	1042140	9.89e-59	226
ASV77	A_ozensis_DSM23829-contigs|AYYQ01000014.1	88.070	285	34	0	14	298	609	893	1.22e-92	339
ASV77	A_micheneri_strainNBRC113063-contigs|BEXE01000061.1	87.719	285	35	0	14	298	744	1028	5.67e-91	333
ASV77	A_micheneri_strainHlig3-contigs|POSO01000001.1	87.719	285	35	0	14	298	360100	359816	5.67e-91	333
ASV78	Scapto_92_002-contigs|k141_567391	91.336	277	24	0	14	290	715	991	7.18e-105	379
ASV78	Melli_45_016-contigs|k141_158433	91.336	277	24	0	14	290	17446	17722	7.18e-105	379
ASV78	F_fructivorans_strainDSM20203-contigs|AZDS01000008.1	90.210	286	26	2	14	298	3312	3028	1.20e-102	372
ASV78	L_senioris_DSM24302-contigs|AYZR01000005.1	89.474	285	30	0	14	298	694	978	2.60e-99	361
ASV78	A_kunkeei_DSM12361-contigs|CP080568	88.772	285	32	0	14	298	89541	89825	5.63e-96	350
ASV78	A_kunkeei_DSM12361-contigs|CP080568	88.772	285	32	0	14	298	386922	387206	5.63e-96	350
ASV78	A_kunkeei_DSM12361-contigs|CP080568	88.772	285	32	0	14	298	443647	443931	5.63e-96	350
ASV78	A_kunkeei_DSM12361-contigs|CP080568	88.772	285	32	0	14	298	683191	683475	5.63e-96	350
ASV78	A_kunkeei_DSM12361-contigs|CP080568	88.772	285	32	0	14	298	1051586	1051302	5.63e-96	350
ASV78	A_apinorum_strainFhon13-contigs|KQ440398.1	88.772	285	32	0	14	298	437	721	5.63e-96	350
ASV78	A_jinshanensis_brasiliensis-contigs|CP171343	88.421	285	33	0	14	298	261260	261544	2.62e-94	344
ASV78	A_jinshanensis_brasiliensis-contigs|CP171343	87.018	285	37	0	14	298	105640	105924	1.23e-87	322
ASV78	A_jinshanensis_brasiliensis-contigs|CP171343	86.667	285	38	0	14	298	1141365	1141081	5.71e-86	316
ASV78	A_jinshanensis_brasiliensis-contigs|CP171343	81.119	286	51	3	14	298	1042423	1042140	9.89e-59	226
ASV78	A_ozensis_DSM23829-contigs|AYYQ01000014.1	88.070	285	34	0	14	298	609	893	1.22e-92	339
ASV78	A_micheneri_strainNBRC113063-contigs|BEXE01000061.1	87.719	285	35	0	14	298	744	1028	5.67e-91	333
ASV78	A_micheneri_strainHlig3-contigs|POSO01000001.1	87.719	285	35	0	14	298	360100	359816	5.67e-91	333
ASV79	Scapto_92_002-contigs|k141_567391	90.877	285	26	0	14	298	715	999	5.55e-106	383
ASV79	Melli_45_016-contigs|k141_158433	90.877	285	26	0	14	298	17446	17730	5.55e-106	383
ASV79	F_fructivorans_strainDSM20203-contigs|AZDS01000008.1	90.559	286	25	2	14	298	3312	3028	2.58e-104	377
ASV79	L_senioris_DSM24302-contigs|AYZR01000005.1	89.825	285	29	0	14	298	694	978	5.59e-101	366
ASV79	A_kunkeei_DSM12361-contigs|CP080568	89.123	285	31	0	14	298	89541	89825	1.21e-97	355
ASV79	A_kunkeei_DSM12361-contigs|CP080568	89.123	285	31	0	14	298	386922	387206	1.21e-97	355
ASV79	A_kunkeei_DSM12361-contigs|CP080568	89.123	285	31	0	14	298	443647	443931	1.21e-97	355
ASV79	A_kunkeei_DSM12361-contigs|CP080568	89.123	285	31	0	14	298	683191	683475	1.21e-97	355
ASV79	A_kunkeei_DSM12361-contigs|CP080568	89.123	285	31	0	14	298	1051586	1051302	1.21e-97	355
ASV79	A_apinorum_strainFhon13-contigs|KQ440398.1	89.123	285	31	0	14	298	437	721	1.21e-97	355
ASV79	A_jinshanensis_brasiliensis-contigs|CP171343	88.772	285	32	0	14	298	261260	261544	5.63e-96	350
ASV79	A_jinshanensis_brasiliensis-contigs|CP171343	87.368	285	36	0	14	298	105640	105924	2.64e-89	327
ASV79	A_jinshanensis_brasiliensis-contigs|CP171343	87.018	285	37	0	14	298	1141365	1141081	1.23e-87	322
ASV79	A_jinshanensis_brasiliensis-contigs|CP171343	81.469	286	50	3	14	298	1042423	1042140	2.13e-60	231
ASV79	A_ozensis_DSM23829-contigs|AYYQ01000014.1	88.421	285	33	0	14	298	609	893	2.62e-94	344
ASV79	A_micheneri_strainNBRC113063-contigs|BEXE01000061.1	88.070	285	34	0	14	298	744	1028	1.22e-92	339
ASV79	A_micheneri_strainHlig3-contigs|POSO01000001.1	88.070	285	34	0	14	298	360100	359816	1.22e-92	339
