ID 1	ID 2	Label 1	Label 2	AAI	CDS count 1	CDS count 2	Matched count	Proteome cov.	ID param.	Cov. param.
573237050	573237050	A_jinshanensis.sub-aerogenes.fasta	A_jinshanensis.sub-aerogenes.fasta	100.000000	1561	1561	1557	0.997438	0.400000	0.500000
573237050	824902336	A_jinshanensis.sub-aerogenes.fasta	F_fructivorans.strain-DSM-20203.fasta	59.925977	1561	1351	691	0.474588	0.400000	0.500000
573237050	75270993	A_jinshanensis.sub-aerogenes.fasta	92_Scapto_009.fasta	63.978514	1561	1202	740	0.535650	0.400000	0.500000
573237050	953307900	A_jinshanensis.sub-aerogenes.fasta	42_Melli_004.fasta	63.643175	1561	1163	718	0.527166	0.400000	0.500000
573237050	1052490636	A_jinshanensis.sub-aerogenes.fasta	39_Melli_barcode04.fasta	61.529146	1561	1664	808	0.501085	0.400000	0.500000
573237050	324979511	A_jinshanensis.sub-aerogenes.fasta	40_Melli_barcode03.fasta	61.504280	1561	1789	806	0.481194	0.400000	0.500000
573237050	762378046	A_jinshanensis.sub-aerogenes.fasta	47_Melli_001.fasta	61.618919	1561	1896	814	0.470929	0.400000	0.500000
573237050	653875641	A_jinshanensis.sub-aerogenes.fasta	45_Melli_020.fasta	61.617426	1561	1843	812	0.477086	0.400000	0.500000
573237050	135250698	A_jinshanensis.sub-aerogenes.fasta	F_sanfranciscensis.DSM-20451.fasta	58.578358	1561	1324	670	0.464471	0.400000	0.500000
573237050	12712425	A_jinshanensis.sub-aerogenes.fasta	51_Scapto_004.fasta	63.828562	1561	1296	786	0.550228	0.400000	0.500000
573237050	805176975	A_jinshanensis.sub-aerogenes.fasta	A_apinorum.strain-Fhon13.fasta	60.841892	1561	1335	740	0.511050	0.400000	0.500000
573237050	113627661	A_jinshanensis.sub-aerogenes.fasta	L_Lactobacillus.spSy-1.fasta	61.694355	1561	1734	806	0.489226	0.400000	0.500000
573237050	552191896	A_jinshanensis.sub-aerogenes.fasta	A_timberlakei.strain-HV-12.fasta	61.224512	1561	1568	769	0.491531	0.400000	0.500000
573237050	958242321	A_jinshanensis.sub-aerogenes.fasta	Nicoliella_spurrieriana_SGEP1_A5.fasta	61.630025	1561	1700	811	0.497393	0.400000	0.500000
573237050	110467787	A_jinshanensis.sub-aerogenes.fasta	Nicoliella_lavandulae_Es01.fasta	61.831944	1561	1756	828	0.499246	0.400000	0.500000
573237050	644597546	A_jinshanensis.sub-aerogenes.fasta	A_micheneri.strain-Hlig3.fasta	61.423709	1561	1477	755	0.497038	0.400000	0.500000
573237050	723955435	A_jinshanensis.sub-aerogenes.fasta	A_kunkeei.DSM-12361.fasta	60.972200	1561	1380	759	0.516151	0.400000	0.500000
573237050	679189795	A_jinshanensis.sub-aerogenes.fasta	A_ozensis.DSM-23829.fasta	61.315310	1561	1465	774	0.511566	0.400000	0.500000
573237050	771441227	A_jinshanensis.sub-aerogenes.fasta	F_florum.DSM-22689.fasta	57.786826	1561	1381	649	0.441196	0.400000	0.500000
573237050	569010969	A_jinshanensis.sub-aerogenes.fasta	L_kosoi.strain-NBRC-113063.fasta	61.451247	1561	1411	762	0.512786	0.400000	0.500000
573237050	284667070	A_jinshanensis.sub-aerogenes.fasta	A_jinshanensis.strain-HSLZ-75.fasta	99.941243	1561	1543	1536	0.989691	0.400000	0.500000
573237050	940568383	A_jinshanensis.sub-aerogenes.fasta	22_Melli_029.fasta	61.563698	1561	1706	814	0.498316	0.400000	0.500000
573237050	588494232	A_jinshanensis.sub-aerogenes.fasta	90_Scapto_barcode20.fasta	61.942225	1561	1325	701	0.485793	0.400000	0.500000
573237050	730450813	A_jinshanensis.sub-aerogenes.fasta	F_lindneri.DSM-20690.fasta	58.657029	1561	1478	690	0.454097	0.400000	0.500000
573237050	1027334324	A_jinshanensis.sub-aerogenes.fasta	A_jinshanensis.brasiliensis.fasta	87.019048	1561	1347	945	0.649931	0.400000	0.500000
573237050	808671099	A_jinshanensis.sub-aerogenes.fasta	A_quenuiae.strain-HV-6.fasta	61.365755	1561	1542	768	0.495005	0.400000	0.500000
573237050	768545654	A_jinshanensis.sub-aerogenes.fasta	92_Scapto_002.fasta	63.684225	1561	1178	710	0.518437	0.400000	0.500000
573237050	1036785887	A_jinshanensis.sub-aerogenes.fasta	23_Scapto_001.fasta	63.545576	1561	1248	712	0.506942	0.400000	0.500000
573237050	560967228	A_jinshanensis.sub-aerogenes.fasta	46_Melli_022.fasta	61.942330	1561	1520	704	0.456994	0.400000	0.500000
573237050	612612514	A_jinshanensis.sub-aerogenes.fasta	89_Scapto_002.fasta	63.849038	1561	1240	780	0.556944	0.400000	0.500000
573237050	820925739	A_jinshanensis.sub-aerogenes.fasta	90_Scapto_012.fasta	63.811346	1561	1289	780	0.547368	0.400000	0.500000
573237050	274891167	A_jinshanensis.sub-aerogenes.fasta	89_Scapto_001.fasta	63.506634	1561	1173	716	0.523775	0.400000	0.500000
573237050	1014861920	A_jinshanensis.sub-aerogenes.fasta	45_Melli_016.fasta	61.952270	1561	1659	705	0.437888	0.400000	0.500000
573237050	272623363	A_jinshanensis.sub-aerogenes.fasta	40_Melli_029.fasta	62.207038	1561	1544	682	0.439291	0.400000	0.500000
573237050	915029192	A_jinshanensis.sub-aerogenes.fasta	41_Melli_001.fasta	61.583006	1561	1673	815	0.504020	0.400000	0.500000
573237050	131356186	A_jinshanensis.sub-aerogenes.fasta	L_senioris.DSM-24302.fasta	59.094239	1561	1594	677	0.429160	0.400000	0.500000
824902336	573237050	F_fructivorans.strain-DSM-20203.fasta	A_jinshanensis.sub-aerogenes.fasta	59.925977	1351	1561	691	0.474588	0.400000	0.500000
824902336	824902336	F_fructivorans.strain-DSM-20203.fasta	F_fructivorans.strain-DSM-20203.fasta	100.000000	1351	1351	1351	1.000000	0.400000	0.500000
824902336	75270993	F_fructivorans.strain-DSM-20203.fasta	92_Scapto_009.fasta	62.301347	1351	1202	668	0.523306	0.400000	0.500000
824902336	953307900	F_fructivorans.strain-DSM-20203.fasta	42_Melli_004.fasta	62.225758	1351	1163	660	0.525060	0.400000	0.500000
824902336	1052490636	F_fructivorans.strain-DSM-20203.fasta	39_Melli_barcode04.fasta	63.076893	1351	1664	779	0.516750	0.400000	0.500000
824902336	324979511	F_fructivorans.strain-DSM-20203.fasta	40_Melli_barcode03.fasta	63.162038	1351	1789	785	0.500000	0.400000	0.500000
824902336	762378046	F_fructivorans.strain-DSM-20203.fasta	47_Melli_001.fasta	63.137056	1351	1896	788	0.485371	0.400000	0.500000
824902336	653875641	F_fructivorans.strain-DSM-20203.fasta	45_Melli_020.fasta	63.074905	1351	1843	787	0.492799	0.400000	0.500000
824902336	135250698	F_fructivorans.strain-DSM-20203.fasta	F_sanfranciscensis.DSM-20451.fasta	68.119369	1351	1324	888	0.663925	0.400000	0.500000
824902336	12712425	F_fructivorans.strain-DSM-20203.fasta	51_Scapto_004.fasta	62.134158	1351	1296	707	0.534190	0.400000	0.500000
824902336	805176975	F_fructivorans.strain-DSM-20203.fasta	A_apinorum.strain-Fhon13.fasta	63.035974	1351	1335	770	0.573343	0.400000	0.500000
824902336	113627661	F_fructivorans.strain-DSM-20203.fasta	L_Lactobacillus.spSy-1.fasta	63.235171	1351	1734	789	0.511507	0.400000	0.500000
824902336	552191896	F_fructivorans.strain-DSM-20203.fasta	A_timberlakei.strain-HV-12.fasta	63.414277	1351	1568	788	0.539911	0.400000	0.500000
824902336	958242321	F_fructivorans.strain-DSM-20203.fasta	Nicoliella_spurrieriana_SGEP1_A5.fasta	62.861988	1351	1700	805	0.527696	0.400000	0.500000
824902336	110467787	F_fructivorans.strain-DSM-20203.fasta	Nicoliella_lavandulae_Es01.fasta	63.207820	1351	1756	812	0.522691	0.400000	0.500000
824902336	644597546	F_fructivorans.strain-DSM-20203.fasta	A_micheneri.strain-Hlig3.fasta	63.451158	1351	1477	777	0.549505	0.400000	0.500000
824902336	723955435	F_fructivorans.strain-DSM-20203.fasta	A_kunkeei.DSM-12361.fasta	63.220518	1351	1380	792	0.580007	0.400000	0.500000
824902336	679189795	F_fructivorans.strain-DSM-20203.fasta	A_ozensis.DSM-23829.fasta	63.645844	1351	1465	782	0.555398	0.400000	0.500000
824902336	771441227	F_fructivorans.strain-DSM-20203.fasta	F_florum.DSM-22689.fasta	64.854511	1351	1381	931	0.681552	0.400000	0.500000
824902336	569010969	F_fructivorans.strain-DSM-20203.fasta	L_kosoi.strain-NBRC-113063.fasta	63.535595	1351	1411	781	0.565532	0.400000	0.500000
824902336	284667070	F_fructivorans.strain-DSM-20203.fasta	A_jinshanensis.strain-HSLZ-75.fasta	60.005102	1351	1543	686	0.474084	0.400000	0.500000
824902336	940568383	F_fructivorans.strain-DSM-20203.fasta	22_Melli_029.fasta	63.078499	1351	1706	786	0.514230	0.400000	0.500000
824902336	588494232	F_fructivorans.strain-DSM-20203.fasta	90_Scapto_barcode20.fasta	63.251847	1351	1325	704	0.526158	0.400000	0.500000
824902336	730450813	F_fructivorans.strain-DSM-20203.fasta	F_lindneri.DSM-20690.fasta	69.035881	1351	1478	988	0.698480	0.400000	0.500000
824902336	1027334324	F_fructivorans.strain-DSM-20203.fasta	A_jinshanensis.brasiliensis.fasta	61.383031	1351	1347	607	0.449963	0.400000	0.500000
824902336	808671099	F_fructivorans.strain-DSM-20203.fasta	A_quenuiae.strain-HV-6.fasta	63.257368	1351	1542	794	0.548911	0.400000	0.500000
824902336	768545654	F_fructivorans.strain-DSM-20203.fasta	92_Scapto_002.fasta	62.363538	1351	1178	650	0.514037	0.400000	0.500000
824902336	1036785887	F_fructivorans.strain-DSM-20203.fasta	23_Scapto_001.fasta	62.397077	1351	1248	650	0.500192	0.400000	0.500000
824902336	560967228	F_fructivorans.strain-DSM-20203.fasta	46_Melli_022.fasta	62.866035	1351	1520	686	0.477882	0.400000	0.500000
824902336	612612514	F_fructivorans.strain-DSM-20203.fasta	89_Scapto_002.fasta	62.214245	1351	1240	702	0.541876	0.400000	0.500000
824902336	820925739	F_fructivorans.strain-DSM-20203.fasta	90_Scapto_012.fasta	62.224143	1351	1289	700	0.530303	0.400000	0.500000
824902336	274891167	F_fructivorans.strain-DSM-20203.fasta	89_Scapto_001.fasta	62.269863	1351	1173	657	0.520602	0.400000	0.500000
824902336	1014861920	F_fructivorans.strain-DSM-20203.fasta	45_Melli_016.fasta	62.861079	1351	1659	686	0.455814	0.400000	0.500000
824902336	272623363	F_fructivorans.strain-DSM-20203.fasta	40_Melli_029.fasta	63.232057	1351	1544	666	0.460104	0.400000	0.500000
824902336	915029192	F_fructivorans.strain-DSM-20203.fasta	41_Melli_001.fasta	63.114639	1351	1673	789	0.521825	0.400000	0.500000
824902336	131356186	F_fructivorans.strain-DSM-20203.fasta	L_senioris.DSM-24302.fasta	62.730725	1351	1594	786	0.533786	0.400000	0.500000
75270993	573237050	92_Scapto_009.fasta	A_jinshanensis.sub-aerogenes.fasta	63.978514	1202	1561	740	0.535650	0.400000	0.500000
75270993	824902336	92_Scapto_009.fasta	F_fructivorans.strain-DSM-20203.fasta	62.301347	1202	1351	668	0.523306	0.400000	0.500000
75270993	75270993	92_Scapto_009.fasta	92_Scapto_009.fasta	100.000000	1202	1202	1201	0.999168	0.400000	0.500000
75270993	953307900	92_Scapto_009.fasta	42_Melli_004.fasta	79.219819	1202	1163	830	0.701903	0.400000	0.500000
75270993	1052490636	92_Scapto_009.fasta	39_Melli_barcode04.fasta	64.387051	1202	1664	807	0.563154	0.400000	0.500000
75270993	324979511	92_Scapto_009.fasta	40_Melli_barcode03.fasta	64.458068	1202	1789	818	0.546974	0.400000	0.500000
75270993	762378046	92_Scapto_009.fasta	47_Melli_001.fasta	64.446402	1202	1896	820	0.529374	0.400000	0.500000
75270993	653875641	92_Scapto_009.fasta	45_Melli_020.fasta	64.388875	1202	1843	818	0.537274	0.400000	0.500000
75270993	135250698	92_Scapto_009.fasta	F_sanfranciscensis.DSM-20451.fasta	60.592758	1202	1324	649	0.513856	0.400000	0.500000
75270993	12712425	92_Scapto_009.fasta	51_Scapto_004.fasta	99.789728	1202	1296	1066	0.853483	0.400000	0.500000
75270993	805176975	92_Scapto_009.fasta	A_apinorum.strain-Fhon13.fasta	63.676724	1202	1335	754	0.594403	0.400000	0.500000
75270993	113627661	92_Scapto_009.fasta	L_Lactobacillus.spSy-1.fasta	64.157284	1202	1734	810	0.551771	0.400000	0.500000
75270993	552191896	92_Scapto_009.fasta	A_timberlakei.strain-HV-12.fasta	64.595402	1202	1568	783	0.565343	0.400000	0.500000
75270993	958242321	92_Scapto_009.fasta	Nicoliella_spurrieriana_SGEP1_A5.fasta	64.337687	1202	1700	804	0.554101	0.400000	0.500000
75270993	110467787	92_Scapto_009.fasta	Nicoliella_lavandulae_Es01.fasta	64.550419	1202	1756	835	0.564571	0.400000	0.500000
75270993	644597546	92_Scapto_009.fasta	A_micheneri.strain-Hlig3.fasta	64.684088	1202	1477	773	0.577081	0.400000	0.500000
75270993	723955435	92_Scapto_009.fasta	A_kunkeei.DSM-12361.fasta	63.978153	1202	1380	769	0.595662	0.400000	0.500000
75270993	679189795	92_Scapto_009.fasta	A_ozensis.DSM-23829.fasta	64.445122	1202	1465	779	0.584177	0.400000	0.500000
75270993	771441227	92_Scapto_009.fasta	F_florum.DSM-22689.fasta	59.434776	1202	1381	624	0.483159	0.400000	0.500000
75270993	569010969	92_Scapto_009.fasta	L_kosoi.strain-NBRC-113063.fasta	64.518790	1202	1411	785	0.600842	0.400000	0.500000
75270993	284667070	92_Scapto_009.fasta	A_jinshanensis.strain-HSLZ-75.fasta	63.992365	1202	1543	740	0.539162	0.400000	0.500000
75270993	940568383	92_Scapto_009.fasta	22_Melli_029.fasta	64.402076	1202	1706	819	0.563274	0.400000	0.500000
75270993	588494232	92_Scapto_009.fasta	90_Scapto_barcode20.fasta	64.575941	1202	1325	717	0.567471	0.400000	0.500000
75270993	730450813	92_Scapto_009.fasta	F_lindneri.DSM-20690.fasta	61.092803	1202	1478	660	0.492537	0.400000	0.500000
75270993	1027334324	92_Scapto_009.fasta	A_jinshanensis.brasiliensis.fasta	66.185055	1202	1347	639	0.501373	0.400000	0.500000
75270993	808671099	92_Scapto_009.fasta	A_quenuiae.strain-HV-6.fasta	64.509335	1202	1542	782	0.569971	0.400000	0.500000
75270993	768545654	92_Scapto_009.fasta	92_Scapto_002.fasta	79.314933	1202	1178	817	0.686555	0.400000	0.500000
75270993	1036785887	92_Scapto_009.fasta	23_Scapto_001.fasta	79.356768	1202	1248	820	0.669388	0.400000	0.500000
75270993	560967228	92_Scapto_009.fasta	46_Melli_022.fasta	64.259670	1202	1520	698	0.512858	0.400000	0.500000
75270993	612612514	92_Scapto_009.fasta	89_Scapto_002.fasta	99.743666	1202	1240	1042	0.853399	0.400000	0.500000
75270993	820925739	92_Scapto_009.fasta	90_Scapto_012.fasta	99.774317	1202	1289	1061	0.851867	0.400000	0.500000
75270993	274891167	92_Scapto_009.fasta	89_Scapto_001.fasta	79.185525	1202	1173	829	0.698105	0.400000	0.500000
75270993	1014861920	92_Scapto_009.fasta	45_Melli_016.fasta	64.259599	1202	1659	698	0.487941	0.400000	0.500000
75270993	272623363	92_Scapto_009.fasta	40_Melli_029.fasta	64.548974	1202	1544	682	0.496723	0.400000	0.500000
75270993	915029192	92_Scapto_009.fasta	41_Melli_001.fasta	64.404872	1202	1673	821	0.571130	0.400000	0.500000
75270993	131356186	92_Scapto_009.fasta	L_senioris.DSM-24302.fasta	61.421165	1202	1594	678	0.484979	0.400000	0.500000
953307900	573237050	42_Melli_004.fasta	A_jinshanensis.sub-aerogenes.fasta	63.643175	1163	1561	718	0.527166	0.400000	0.500000
953307900	824902336	42_Melli_004.fasta	F_fructivorans.strain-DSM-20203.fasta	62.225758	1163	1351	660	0.525060	0.400000	0.500000
953307900	75270993	42_Melli_004.fasta	92_Scapto_009.fasta	79.219819	1163	1202	830	0.701903	0.400000	0.500000
953307900	953307900	42_Melli_004.fasta	42_Melli_004.fasta	100.000000	1163	1163	1163	1.000000	0.400000	0.500000
953307900	1052490636	42_Melli_004.fasta	39_Melli_barcode04.fasta	64.794834	1163	1664	842	0.595684	0.400000	0.500000
953307900	324979511	42_Melli_004.fasta	40_Melli_barcode03.fasta	64.684335	1163	1789	849	0.575203	0.400000	0.500000
953307900	762378046	42_Melli_004.fasta	47_Melli_001.fasta	64.825322	1163	1896	855	0.559006	0.400000	0.500000
953307900	653875641	42_Melli_004.fasta	45_Melli_020.fasta	64.813192	1163	1843	849	0.564870	0.400000	0.500000
953307900	135250698	42_Melli_004.fasta	F_sanfranciscensis.DSM-20451.fasta	60.598454	1163	1324	647	0.520306	0.400000	0.500000
953307900	12712425	42_Melli_004.fasta	51_Scapto_004.fasta	79.541007	1163	1296	884	0.718991	0.400000	0.500000
953307900	805176975	42_Melli_004.fasta	A_apinorum.strain-Fhon13.fasta	63.979088	1163	1335	746	0.597278	0.400000	0.500000
953307900	113627661	42_Melli_004.fasta	L_Lactobacillus.spSy-1.fasta	64.607109	1163	1734	844	0.582672	0.400000	0.500000
953307900	552191896	42_Melli_004.fasta	A_timberlakei.strain-HV-12.fasta	64.630556	1163	1568	774	0.566825	0.400000	0.500000
953307900	958242321	42_Melli_004.fasta	Nicoliella_spurrieriana_SGEP1_A5.fasta	64.562992	1163	1700	839	0.586098	0.400000	0.500000
953307900	110467787	42_Melli_004.fasta	Nicoliella_lavandulae_Es01.fasta	65.046047	1163	1756	860	0.589243	0.400000	0.500000
953307900	644597546	42_Melli_004.fasta	A_micheneri.strain-Hlig3.fasta	64.816689	1163	1477	761	0.576515	0.400000	0.500000
953307900	723955435	42_Melli_004.fasta	A_kunkeei.DSM-12361.fasta	64.073087	1163	1380	771	0.606370	0.400000	0.500000
953307900	679189795	42_Melli_004.fasta	A_ozensis.DSM-23829.fasta	64.445746	1163	1465	764	0.581431	0.400000	0.500000
953307900	771441227	42_Melli_004.fasta	F_florum.DSM-22689.fasta	59.999038	1163	1381	624	0.490566	0.400000	0.500000
953307900	569010969	42_Melli_004.fasta	L_kosoi.strain-NBRC-113063.fasta	64.627913	1163	1411	781	0.606838	0.400000	0.500000
953307900	284667070	42_Melli_004.fasta	A_jinshanensis.strain-HSLZ-75.fasta	63.668724	1163	1543	713	0.526977	0.400000	0.500000
953307900	940568383	42_Melli_004.fasta	22_Melli_029.fasta	64.792866	1163	1706	848	0.591147	0.400000	0.500000
953307900	588494232	42_Melli_004.fasta	90_Scapto_barcode20.fasta	65.061088	1163	1325	726	0.583601	0.400000	0.500000
953307900	730450813	42_Melli_004.fasta	F_lindneri.DSM-20690.fasta	60.890368	1163	1478	680	0.514956	0.400000	0.500000
953307900	1027334324	42_Melli_004.fasta	A_jinshanensis.brasiliensis.fasta	65.969506	1163	1347	587	0.467729	0.400000	0.500000
953307900	808671099	42_Melli_004.fasta	A_quenuiae.strain-HV-6.fasta	64.658744	1163	1542	772	0.570795	0.400000	0.500000
953307900	768545654	42_Melli_004.fasta	92_Scapto_002.fasta	99.283411	1163	1178	1073	0.916702	0.400000	0.500000
953307900	1036785887	42_Melli_004.fasta	23_Scapto_001.fasta	99.205566	1163	1248	1096	0.909166	0.400000	0.500000
953307900	560967228	42_Melli_004.fasta	46_Melli_022.fasta	64.521429	1163	1520	686	0.511368	0.400000	0.500000
953307900	612612514	42_Melli_004.fasta	89_Scapto_002.fasta	79.287815	1163	1240	874	0.727424	0.400000	0.500000
953307900	820925739	42_Melli_004.fasta	90_Scapto_012.fasta	79.229157	1163	1289	878	0.716150	0.400000	0.500000
953307900	274891167	42_Melli_004.fasta	89_Scapto_001.fasta	99.167415	1163	1173	1114	0.953767	0.400000	0.500000
953307900	1014861920	42_Melli_004.fasta	45_Melli_016.fasta	64.490757	1163	1659	687	0.486889	0.400000	0.500000
953307900	272623363	42_Melli_004.fasta	40_Melli_029.fasta	64.798051	1163	1544	667	0.492796	0.400000	0.500000
953307900	915029192	42_Melli_004.fasta	41_Melli_001.fasta	64.856678	1163	1673	846	0.596615	0.400000	0.500000
953307900	131356186	42_Melli_004.fasta	L_senioris.DSM-24302.fasta	61.928560	1163	1594	653	0.473703	0.400000	0.500000
1052490636	573237050	39_Melli_barcode04.fasta	A_jinshanensis.sub-aerogenes.fasta	61.529146	1664	1561	808	0.501085	0.400000	0.500000
1052490636	824902336	39_Melli_barcode04.fasta	F_fructivorans.strain-DSM-20203.fasta	63.076893	1664	1351	779	0.516750	0.400000	0.500000
1052490636	75270993	39_Melli_barcode04.fasta	92_Scapto_009.fasta	64.387051	1664	1202	807	0.563154	0.400000	0.500000
1052490636	953307900	39_Melli_barcode04.fasta	42_Melli_004.fasta	64.794834	1664	1163	842	0.595684	0.400000	0.500000
1052490636	1052490636	39_Melli_barcode04.fasta	39_Melli_barcode04.fasta	100.000000	1664	1664	1659	0.996995	0.400000	0.500000
1052490636	324979511	39_Melli_barcode04.fasta	40_Melli_barcode03.fasta	99.584734	1664	1789	1559	0.902983	0.400000	0.500000
1052490636	762378046	39_Melli_barcode04.fasta	47_Melli_001.fasta	99.586124	1664	1896	1517	0.852247	0.400000	0.500000
1052490636	653875641	39_Melli_barcode04.fasta	45_Melli_020.fasta	99.601513	1664	1843	1520	0.866838	0.400000	0.500000
1052490636	135250698	39_Melli_barcode04.fasta	F_sanfranciscensis.DSM-20451.fasta	61.645013	1664	1324	752	0.503347	0.400000	0.500000
1052490636	12712425	39_Melli_barcode04.fasta	51_Scapto_004.fasta	64.256951	1664	1296	856	0.578378	0.400000	0.500000
1052490636	805176975	39_Melli_barcode04.fasta	A_apinorum.strain-Fhon13.fasta	65.477500	1664	1335	920	0.613538	0.400000	0.500000
1052490636	113627661	39_Melli_barcode04.fasta	L_Lactobacillus.spSy-1.fasta	79.051877	1664	1734	1305	0.768099	0.400000	0.500000
1052490636	552191896	39_Melli_barcode04.fasta	A_timberlakei.strain-HV-12.fasta	65.656145	1664	1568	952	0.589109	0.400000	0.500000
1052490636	958242321	39_Melli_barcode04.fasta	Nicoliella_spurrieriana_SGEP1_A5.fasta	78.362337	1664	1700	1301	0.773484	0.400000	0.500000
1052490636	110467787	39_Melli_barcode04.fasta	Nicoliella_lavandulae_Es01.fasta	80.186943	1664	1756	1302	0.761404	0.400000	0.500000
1052490636	644597546	39_Melli_barcode04.fasta	A_micheneri.strain-Hlig3.fasta	66.223144	1664	1477	916	0.583254	0.400000	0.500000
1052490636	723955435	39_Melli_barcode04.fasta	A_kunkeei.DSM-12361.fasta	65.833897	1664	1380	947	0.622208	0.400000	0.500000
1052490636	679189795	39_Melli_barcode04.fasta	A_ozensis.DSM-23829.fasta	65.584740	1664	1465	924	0.590604	0.400000	0.500000
1052490636	771441227	39_Melli_barcode04.fasta	F_florum.DSM-22689.fasta	60.692828	1664	1381	739	0.485386	0.400000	0.500000
1052490636	569010969	39_Melli_barcode04.fasta	L_kosoi.strain-NBRC-113063.fasta	65.960872	1664	1411	929	0.604228	0.400000	0.500000
1052490636	284667070	39_Melli_barcode04.fasta	A_jinshanensis.strain-HSLZ-75.fasta	61.500125	1664	1543	803	0.500780	0.400000	0.500000
1052490636	940568383	39_Melli_barcode04.fasta	22_Melli_029.fasta	99.657162	1664	1706	1522	0.903264	0.400000	0.500000
1052490636	588494232	39_Melli_barcode04.fasta	90_Scapto_barcode20.fasta	89.665332	1664	1325	1024	0.685179	0.400000	0.500000
1052490636	730450813	39_Melli_barcode04.fasta	F_lindneri.DSM-20690.fasta	62.055101	1664	1478	794	0.505411	0.400000	0.500000
1052490636	1027334324	39_Melli_barcode04.fasta	A_jinshanensis.brasiliensis.fasta	63.737840	1664	1347	662	0.439721	0.400000	0.500000
1052490636	808671099	39_Melli_barcode04.fasta	A_quenuiae.strain-HV-6.fasta	65.699735	1664	1542	945	0.589520	0.400000	0.500000
1052490636	768545654	39_Melli_barcode04.fasta	92_Scapto_002.fasta	64.822524	1664	1178	828	0.582688	0.400000	0.500000
1052490636	1036785887	39_Melli_barcode04.fasta	23_Scapto_001.fasta	64.782198	1664	1248	837	0.574863	0.400000	0.500000
1052490636	560967228	39_Melli_barcode04.fasta	46_Melli_022.fasta	72.056855	1664	1520	992	0.623116	0.400000	0.500000
1052490636	612612514	39_Melli_barcode04.fasta	89_Scapto_002.fasta	64.260542	1664	1240	849	0.584711	0.400000	0.500000
1052490636	820925739	39_Melli_barcode04.fasta	90_Scapto_012.fasta	64.283687	1664	1289	849	0.575008	0.400000	0.500000
1052490636	274891167	39_Melli_barcode04.fasta	89_Scapto_001.fasta	64.745309	1664	1173	842	0.593585	0.400000	0.500000
1052490636	1014861920	39_Melli_barcode04.fasta	45_Melli_016.fasta	72.020636	1664	1659	991	0.596449	0.400000	0.500000
1052490636	272623363	39_Melli_barcode04.fasta	40_Melli_029.fasta	68.642951	1664	1544	915	0.570449	0.400000	0.500000
1052490636	915029192	39_Melli_barcode04.fasta	41_Melli_001.fasta	99.727599	1664	1673	1520	0.910998	0.400000	0.500000
1052490636	131356186	39_Melli_barcode04.fasta	L_senioris.DSM-24302.fasta	63.506429	1664	1594	770	0.472683	0.400000	0.500000
324979511	573237050	40_Melli_barcode03.fasta	A_jinshanensis.sub-aerogenes.fasta	61.504280	1789	1561	806	0.481194	0.400000	0.500000
324979511	824902336	40_Melli_barcode03.fasta	F_fructivorans.strain-DSM-20203.fasta	63.162038	1789	1351	785	0.500000	0.400000	0.500000
324979511	75270993	40_Melli_barcode03.fasta	92_Scapto_009.fasta	64.458068	1789	1202	818	0.546974	0.400000	0.500000
324979511	953307900	40_Melli_barcode03.fasta	42_Melli_004.fasta	64.684335	1789	1163	849	0.575203	0.400000	0.500000
324979511	1052490636	40_Melli_barcode03.fasta	39_Melli_barcode04.fasta	99.588516	1789	1664	1550	0.897770	0.400000	0.500000
324979511	324979511	40_Melli_barcode03.fasta	40_Melli_barcode03.fasta	100.000000	1789	1789	1779	0.994410	0.400000	0.500000
324979511	762378046	40_Melli_barcode03.fasta	47_Melli_001.fasta	99.532423	1789	1896	1502	0.815197	0.400000	0.500000
324979511	653875641	40_Melli_barcode03.fasta	45_Melli_020.fasta	99.552861	1789	1843	1503	0.827643	0.400000	0.500000
324979511	135250698	40_Melli_barcode03.fasta	F_sanfranciscensis.DSM-20451.fasta	61.774934	1789	1324	758	0.486990	0.400000	0.500000
324979511	12712425	40_Melli_barcode03.fasta	51_Scapto_004.fasta	64.301040	1789	1296	865	0.560778	0.400000	0.500000
324979511	805176975	40_Melli_barcode03.fasta	A_apinorum.strain-Fhon13.fasta	65.547024	1789	1335	924	0.591549	0.400000	0.500000
324979511	113627661	40_Melli_barcode03.fasta	L_Lactobacillus.spSy-1.fasta	79.082809	1789	1734	1303	0.739710	0.400000	0.500000
324979511	552191896	40_Melli_barcode03.fasta	A_timberlakei.strain-HV-12.fasta	65.693191	1789	1568	962	0.573131	0.400000	0.500000
324979511	958242321	40_Melli_barcode03.fasta	Nicoliella_spurrieriana_SGEP1_A5.fasta	78.371099	1789	1700	1301	0.745772	0.400000	0.500000
324979511	110467787	40_Melli_barcode03.fasta	Nicoliella_lavandulae_Es01.fasta	80.190500	1789	1756	1300	0.733427	0.400000	0.500000
324979511	644597546	40_Melli_barcode03.fasta	A_micheneri.strain-Hlig3.fasta	66.241478	1789	1477	927	0.567667	0.400000	0.500000
324979511	723955435	40_Melli_barcode03.fasta	A_kunkeei.DSM-12361.fasta	65.965348	1789	1380	948	0.598296	0.400000	0.500000
324979511	679189795	40_Melli_barcode03.fasta	A_ozensis.DSM-23829.fasta	65.607273	1789	1465	935	0.574677	0.400000	0.500000
324979511	771441227	40_Melli_barcode03.fasta	F_florum.DSM-22689.fasta	60.789128	1789	1381	745	0.470032	0.400000	0.500000
324979511	569010969	40_Melli_barcode03.fasta	L_kosoi.strain-NBRC-113063.fasta	65.923065	1789	1411	943	0.589375	0.400000	0.500000
324979511	284667070	40_Melli_barcode03.fasta	A_jinshanensis.strain-HSLZ-75.fasta	61.477653	1789	1543	801	0.480792	0.400000	0.500000
324979511	940568383	40_Melli_barcode03.fasta	22_Melli_029.fasta	99.667923	1789	1706	1512	0.865236	0.400000	0.500000
324979511	588494232	40_Melli_barcode03.fasta	90_Scapto_barcode20.fasta	89.629589	1789	1325	1046	0.671805	0.400000	0.500000
324979511	730450813	40_Melli_barcode03.fasta	F_lindneri.DSM-20690.fasta	62.168437	1789	1478	800	0.489746	0.400000	0.500000
324979511	1027334324	40_Melli_barcode03.fasta	A_jinshanensis.brasiliensis.fasta	63.614837	1789	1347	674	0.429847	0.400000	0.500000
324979511	808671099	40_Melli_barcode03.fasta	A_quenuiae.strain-HV-6.fasta	65.660146	1789	1542	956	0.574002	0.400000	0.500000
324979511	768545654	40_Melli_barcode03.fasta	92_Scapto_002.fasta	64.721241	1789	1178	838	0.564880	0.400000	0.500000
324979511	1036785887	40_Melli_barcode03.fasta	23_Scapto_001.fasta	64.684279	1789	1248	846	0.557129	0.400000	0.500000
324979511	560967228	40_Melli_barcode03.fasta	46_Melli_022.fasta	72.009849	1789	1520	995	0.601390	0.400000	0.500000
324979511	612612514	40_Melli_barcode03.fasta	89_Scapto_002.fasta	64.310023	1789	1240	858	0.566524	0.400000	0.500000
324979511	820925739	40_Melli_barcode03.fasta	90_Scapto_012.fasta	64.303151	1789	1289	857	0.556855	0.400000	0.500000
324979511	274891167	40_Melli_barcode03.fasta	89_Scapto_001.fasta	64.648824	1789	1173	850	0.573937	0.400000	0.500000
324979511	1014861920	40_Melli_barcode03.fasta	45_Melli_016.fasta	71.943424	1789	1659	996	0.577726	0.400000	0.500000
324979511	272623363	40_Melli_barcode03.fasta	40_Melli_029.fasta	68.541594	1789	1544	922	0.553255	0.400000	0.500000
324979511	915029192	40_Melli_barcode03.fasta	41_Melli_001.fasta	99.663612	1789	1673	1506	0.870017	0.400000	0.500000
324979511	131356186	40_Melli_barcode03.fasta	L_senioris.DSM-24302.fasta	63.600899	1789	1594	779	0.460538	0.400000	0.500000
762378046	573237050	47_Melli_001.fasta	A_jinshanensis.sub-aerogenes.fasta	61.618919	1896	1561	814	0.470929	0.400000	0.500000
762378046	824902336	47_Melli_001.fasta	F_fructivorans.strain-DSM-20203.fasta	63.137056	1896	1351	788	0.485371	0.400000	0.500000
762378046	75270993	47_Melli_001.fasta	92_Scapto_009.fasta	64.446402	1896	1202	820	0.529374	0.400000	0.500000
762378046	953307900	47_Melli_001.fasta	42_Melli_004.fasta	64.825322	1896	1163	855	0.559006	0.400000	0.500000
762378046	1052490636	47_Melli_001.fasta	39_Melli_barcode04.fasta	99.586124	1896	1664	1517	0.852247	0.400000	0.500000
762378046	324979511	47_Melli_001.fasta	40_Melli_barcode03.fasta	99.532423	1896	1789	1502	0.815197	0.400000	0.500000
762378046	762378046	47_Melli_001.fasta	47_Melli_001.fasta	100.000000	1896	1896	1895	0.999473	0.400000	0.500000
762378046	653875641	47_Melli_001.fasta	45_Melli_020.fasta	99.823229	1896	1843	1750	0.936079	0.400000	0.500000
762378046	135250698	47_Melli_001.fasta	F_sanfranciscensis.DSM-20451.fasta	61.728525	1896	1324	766	0.475776	0.400000	0.500000
762378046	12712425	47_Melli_001.fasta	51_Scapto_004.fasta	64.215901	1896	1296	871	0.545739	0.400000	0.500000
762378046	805176975	47_Melli_001.fasta	A_apinorum.strain-Fhon13.fasta	65.581726	1896	1335	933	0.577530	0.400000	0.500000
762378046	113627661	47_Melli_001.fasta	L_Lactobacillus.spSy-1.fasta	79.314066	1896	1734	1301	0.716804	0.400000	0.500000
762378046	552191896	47_Melli_001.fasta	A_timberlakei.strain-HV-12.fasta	65.689718	1896	1568	958	0.553118	0.400000	0.500000
762378046	958242321	47_Melli_001.fasta	Nicoliella_spurrieriana_SGEP1_A5.fasta	78.599195	1896	1700	1304	0.725250	0.400000	0.500000
762378046	110467787	47_Melli_001.fasta	Nicoliella_lavandulae_Es01.fasta	80.185080	1896	1756	1317	0.721249	0.400000	0.500000
762378046	644597546	47_Melli_001.fasta	A_micheneri.strain-Hlig3.fasta	66.230259	1896	1477	927	0.549659	0.400000	0.500000
762378046	723955435	47_Melli_001.fasta	A_kunkeei.DSM-12361.fasta	66.002194	1896	1380	957	0.584249	0.400000	0.500000
762378046	679189795	47_Melli_001.fasta	A_ozensis.DSM-23829.fasta	65.551283	1896	1465	935	0.556382	0.400000	0.500000
762378046	771441227	47_Melli_001.fasta	F_florum.DSM-22689.fasta	60.705333	1896	1381	750	0.457736	0.400000	0.500000
762378046	569010969	47_Melli_001.fasta	L_kosoi.strain-NBRC-113063.fasta	65.999361	1896	1411	939	0.567886	0.400000	0.500000
762378046	284667070	47_Melli_001.fasta	A_jinshanensis.strain-HSLZ-75.fasta	61.590915	1896	1543	809	0.470486	0.400000	0.500000
762378046	940568383	47_Melli_001.fasta	22_Melli_029.fasta	99.713209	1896	1706	1605	0.891172	0.400000	0.500000
762378046	588494232	47_Melli_001.fasta	90_Scapto_barcode20.fasta	89.800048	1896	1325	1041	0.646383	0.400000	0.500000
762378046	730450813	47_Melli_001.fasta	F_lindneri.DSM-20690.fasta	62.158666	1896	1478	802	0.475400	0.400000	0.500000
762378046	1027334324	47_Melli_001.fasta	A_jinshanensis.brasiliensis.fasta	63.708815	1896	1347	675	0.416281	0.400000	0.500000
762378046	808671099	47_Melli_001.fasta	A_quenuiae.strain-HV-6.fasta	65.655016	1896	1542	957	0.556719	0.400000	0.500000
762378046	768545654	47_Melli_001.fasta	92_Scapto_002.fasta	64.874524	1896	1178	840	0.546519	0.400000	0.500000
762378046	1036785887	47_Melli_001.fasta	23_Scapto_001.fasta	64.793059	1896	1248	850	0.540712	0.400000	0.500000
762378046	560967228	47_Melli_001.fasta	46_Melli_022.fasta	71.911523	1896	1520	998	0.584309	0.400000	0.500000
762378046	612612514	47_Melli_001.fasta	89_Scapto_002.fasta	64.261356	1896	1240	863	0.550383	0.400000	0.500000
762378046	820925739	47_Melli_001.fasta	90_Scapto_012.fasta	64.290999	1896	1289	861	0.540659	0.400000	0.500000
762378046	274891167	47_Melli_001.fasta	89_Scapto_001.fasta	64.763232	1896	1173	854	0.556533	0.400000	0.500000
762378046	1014861920	47_Melli_001.fasta	45_Melli_016.fasta	71.834789	1896	1659	996	0.560338	0.400000	0.500000
762378046	272623363	47_Melli_001.fasta	40_Melli_029.fasta	68.804428	1896	1544	926	0.538372	0.400000	0.500000
762378046	915029192	47_Melli_001.fasta	41_Melli_001.fasta	99.739509	1896	1673	1587	0.889325	0.400000	0.500000
762378046	131356186	47_Melli_001.fasta	L_senioris.DSM-24302.fasta	63.550000	1896	1594	782	0.448138	0.400000	0.500000
653875641	573237050	45_Melli_020.fasta	A_jinshanensis.sub-aerogenes.fasta	61.617426	1843	1561	812	0.477086	0.400000	0.500000
653875641	824902336	45_Melli_020.fasta	F_fructivorans.strain-DSM-20203.fasta	63.074905	1843	1351	787	0.492799	0.400000	0.500000
653875641	75270993	45_Melli_020.fasta	92_Scapto_009.fasta	64.388875	1843	1202	818	0.537274	0.400000	0.500000
653875641	953307900	45_Melli_020.fasta	42_Melli_004.fasta	64.813192	1843	1163	849	0.564870	0.400000	0.500000
653875641	1052490636	45_Melli_020.fasta	39_Melli_barcode04.fasta	99.601513	1843	1664	1520	0.866838	0.400000	0.500000
653875641	324979511	45_Melli_020.fasta	40_Melli_barcode03.fasta	99.552861	1843	1789	1503	0.827643	0.400000	0.500000
653875641	762378046	45_Melli_020.fasta	47_Melli_001.fasta	99.823229	1843	1896	1750	0.936079	0.400000	0.500000
653875641	653875641	45_Melli_020.fasta	45_Melli_020.fasta	100.000000	1843	1843	1840	0.998372	0.400000	0.500000
653875641	135250698	45_Melli_020.fasta	F_sanfranciscensis.DSM-20451.fasta	61.700000	1843	1324	762	0.481213	0.400000	0.500000
653875641	12712425	45_Melli_020.fasta	51_Scapto_004.fasta	64.225403	1843	1296	868	0.553042	0.400000	0.500000
653875641	805176975	45_Melli_020.fasta	A_apinorum.strain-Fhon13.fasta	65.498392	1843	1335	933	0.587162	0.400000	0.500000
653875641	113627661	45_Melli_020.fasta	L_Lactobacillus.spSy-1.fasta	79.310407	1843	1734	1302	0.727984	0.400000	0.500000
653875641	552191896	45_Melli_020.fasta	A_timberlakei.strain-HV-12.fasta	65.617276	1843	1568	958	0.561712	0.400000	0.500000
653875641	958242321	45_Melli_020.fasta	Nicoliella_spurrieriana_SGEP1_A5.fasta	78.528889	1843	1700	1305	0.736664	0.400000	0.500000
653875641	110467787	45_Melli_020.fasta	Nicoliella_lavandulae_Es01.fasta	80.184475	1843	1756	1314	0.730203	0.400000	0.500000
653875641	644597546	45_Melli_020.fasta	A_micheneri.strain-Hlig3.fasta	66.163823	1843	1477	926	0.557831	0.400000	0.500000
653875641	723955435	45_Melli_020.fasta	A_kunkeei.DSM-12361.fasta	65.979927	1843	1380	954	0.591995	0.400000	0.500000
653875641	679189795	45_Melli_020.fasta	A_ozensis.DSM-23829.fasta	65.615665	1843	1465	932	0.563482	0.400000	0.500000
653875641	771441227	45_Melli_020.fasta	F_florum.DSM-22689.fasta	60.777480	1843	1381	746	0.462779	0.400000	0.500000
653875641	569010969	45_Melli_020.fasta	L_kosoi.strain-NBRC-113063.fasta	65.901866	1843	1411	938	0.576521	0.400000	0.500000
653875641	284667070	45_Melli_020.fasta	A_jinshanensis.strain-HSLZ-75.fasta	61.590644	1843	1543	807	0.476669	0.400000	0.500000
653875641	940568383	45_Melli_020.fasta	22_Melli_029.fasta	99.751708	1843	1706	1610	0.907298	0.400000	0.500000
653875641	588494232	45_Melli_020.fasta	90_Scapto_barcode20.fasta	89.823095	1843	1325	1037	0.654672	0.400000	0.500000
653875641	730450813	45_Melli_020.fasta	F_lindneri.DSM-20690.fasta	62.051494	1843	1478	803	0.483589	0.400000	0.500000
653875641	1027334324	45_Melli_020.fasta	A_jinshanensis.brasiliensis.fasta	63.671746	1843	1347	676	0.423824	0.400000	0.500000
653875641	808671099	45_Melli_020.fasta	A_quenuiae.strain-HV-6.fasta	65.616649	1843	1542	955	0.564254	0.400000	0.500000
653875641	768545654	45_Melli_020.fasta	92_Scapto_002.fasta	64.805762	1843	1178	833	0.551473	0.400000	0.500000
653875641	1036785887	45_Melli_020.fasta	23_Scapto_001.fasta	64.731346	1843	1248	847	0.548043	0.400000	0.500000
653875641	560967228	45_Melli_020.fasta	46_Melli_022.fasta	71.993100	1843	1520	1000	0.594707	0.400000	0.500000
653875641	612612514	45_Melli_020.fasta	89_Scapto_002.fasta	64.264651	1843	1240	860	0.557898	0.400000	0.500000
653875641	820925739	45_Melli_020.fasta	90_Scapto_012.fasta	64.254307	1843	1289	859	0.548531	0.400000	0.500000
653875641	274891167	45_Melli_020.fasta	89_Scapto_001.fasta	64.709224	1843	1173	851	0.564324	0.400000	0.500000
653875641	1014861920	45_Melli_020.fasta	45_Melli_016.fasta	71.970721	1843	1659	999	0.570531	0.400000	0.500000
653875641	272623363	45_Melli_020.fasta	40_Melli_029.fasta	68.846312	1843	1544	922	0.544435	0.400000	0.500000
653875641	915029192	45_Melli_020.fasta	41_Melli_001.fasta	99.739006	1843	1673	1569	0.892491	0.400000	0.500000
653875641	131356186	45_Melli_020.fasta	L_senioris.DSM-24302.fasta	63.555619	1843	1594	783	0.455630	0.400000	0.500000
135250698	573237050	F_sanfranciscensis.DSM-20451.fasta	A_jinshanensis.sub-aerogenes.fasta	58.578358	1324	1561	670	0.464471	0.400000	0.500000
135250698	824902336	F_sanfranciscensis.DSM-20451.fasta	F_fructivorans.strain-DSM-20203.fasta	68.119369	1324	1351	888	0.663925	0.400000	0.500000
135250698	75270993	F_sanfranciscensis.DSM-20451.fasta	92_Scapto_009.fasta	60.592758	1324	1202	649	0.513856	0.400000	0.500000
135250698	953307900	F_sanfranciscensis.DSM-20451.fasta	42_Melli_004.fasta	60.598454	1324	1163	647	0.520306	0.400000	0.500000
135250698	1052490636	F_sanfranciscensis.DSM-20451.fasta	39_Melli_barcode04.fasta	61.645013	1324	1664	752	0.503347	0.400000	0.500000
135250698	324979511	F_sanfranciscensis.DSM-20451.fasta	40_Melli_barcode03.fasta	61.774934	1324	1789	758	0.486990	0.400000	0.500000
135250698	762378046	F_sanfranciscensis.DSM-20451.fasta	47_Melli_001.fasta	61.728525	1324	1896	766	0.475776	0.400000	0.500000
135250698	653875641	F_sanfranciscensis.DSM-20451.fasta	45_Melli_020.fasta	61.700000	1324	1843	762	0.481213	0.400000	0.500000
135250698	135250698	F_sanfranciscensis.DSM-20451.fasta	F_sanfranciscensis.DSM-20451.fasta	100.000000	1324	1324	1320	0.996979	0.400000	0.500000
135250698	12712425	F_sanfranciscensis.DSM-20451.fasta	51_Scapto_004.fasta	60.407833	1324	1296	683	0.521374	0.400000	0.500000
135250698	805176975	F_sanfranciscensis.DSM-20451.fasta	A_apinorum.strain-Fhon13.fasta	61.661518	1324	1335	764	0.574652	0.400000	0.500000
135250698	113627661	F_sanfranciscensis.DSM-20451.fasta	L_Lactobacillus.spSy-1.fasta	61.796649	1324	1734	761	0.497711	0.400000	0.500000
135250698	552191896	F_sanfranciscensis.DSM-20451.fasta	A_timberlakei.strain-HV-12.fasta	61.898825	1324	1568	766	0.529737	0.400000	0.500000
135250698	958242321	F_sanfranciscensis.DSM-20451.fasta	Nicoliella_spurrieriana_SGEP1_A5.fasta	61.769857	1324	1700	768	0.507937	0.400000	0.500000
135250698	110467787	F_sanfranciscensis.DSM-20451.fasta	Nicoliella_lavandulae_Es01.fasta	62.075258	1324	1756	776	0.503896	0.400000	0.500000
135250698	644597546	F_sanfranciscensis.DSM-20451.fasta	A_micheneri.strain-Hlig3.fasta	62.052996	1324	1477	751	0.536237	0.400000	0.500000
135250698	723955435	F_sanfranciscensis.DSM-20451.fasta	A_kunkeei.DSM-12361.fasta	61.858398	1324	1380	768	0.568047	0.400000	0.500000
135250698	679189795	F_sanfranciscensis.DSM-20451.fasta	A_ozensis.DSM-23829.fasta	62.325594	1324	1465	758	0.543564	0.400000	0.500000
135250698	771441227	F_sanfranciscensis.DSM-20451.fasta	F_florum.DSM-22689.fasta	68.562337	1324	1381	920	0.680222	0.400000	0.500000
135250698	569010969	F_sanfranciscensis.DSM-20451.fasta	L_kosoi.strain-NBRC-113063.fasta	62.058990	1324	1411	762	0.557221	0.400000	0.500000
135250698	284667070	F_sanfranciscensis.DSM-20451.fasta	A_jinshanensis.strain-HSLZ-75.fasta	58.628078	1324	1543	666	0.464597	0.400000	0.500000
135250698	940568383	F_sanfranciscensis.DSM-20451.fasta	22_Melli_029.fasta	61.726837	1324	1706	762	0.502970	0.400000	0.500000
135250698	588494232	F_sanfranciscensis.DSM-20451.fasta	90_Scapto_barcode20.fasta	62.185141	1324	1325	673	0.508116	0.400000	0.500000
135250698	730450813	F_sanfranciscensis.DSM-20451.fasta	F_lindneri.DSM-20690.fasta	75.274600	1324	1478	1000	0.713776	0.400000	0.500000
135250698	1027334324	F_sanfranciscensis.DSM-20451.fasta	A_jinshanensis.brasiliensis.fasta	60.137500	1324	1347	580	0.434294	0.400000	0.500000
135250698	808671099	F_sanfranciscensis.DSM-20451.fasta	A_quenuiae.strain-HV-6.fasta	61.844394	1324	1542	767	0.535241	0.400000	0.500000
135250698	768545654	F_sanfranciscensis.DSM-20451.fasta	92_Scapto_002.fasta	60.640732	1324	1178	642	0.513189	0.400000	0.500000
135250698	1036785887	F_sanfranciscensis.DSM-20451.fasta	23_Scapto_001.fasta	60.596009	1324	1248	639	0.496890	0.400000	0.500000
135250698	560967228	F_sanfranciscensis.DSM-20451.fasta	46_Melli_022.fasta	61.789865	1324	1520	666	0.468354	0.400000	0.500000
135250698	612612514	F_sanfranciscensis.DSM-20451.fasta	89_Scapto_002.fasta	60.440616	1324	1240	682	0.531981	0.400000	0.500000
135250698	820925739	F_sanfranciscensis.DSM-20451.fasta	90_Scapto_012.fasta	60.493897	1324	1289	680	0.520475	0.400000	0.500000
135250698	274891167	F_sanfranciscensis.DSM-20451.fasta	89_Scapto_001.fasta	60.614531	1324	1173	640	0.512615	0.400000	0.500000
135250698	1014861920	F_sanfranciscensis.DSM-20451.fasta	45_Melli_016.fasta	61.786036	1324	1659	666	0.446530	0.400000	0.500000
135250698	272623363	F_sanfranciscensis.DSM-20451.fasta	40_Melli_029.fasta	62.066309	1324	1544	653	0.455370	0.400000	0.500000
135250698	915029192	F_sanfranciscensis.DSM-20451.fasta	41_Melli_001.fasta	61.747368	1324	1673	760	0.507174	0.400000	0.500000
135250698	131356186	F_sanfranciscensis.DSM-20451.fasta	L_senioris.DSM-24302.fasta	61.378415	1324	1594	732	0.501714	0.400000	0.500000
12712425	573237050	51_Scapto_004.fasta	A_jinshanensis.sub-aerogenes.fasta	63.828562	1296	1561	786	0.550228	0.400000	0.500000
12712425	824902336	51_Scapto_004.fasta	F_fructivorans.strain-DSM-20203.fasta	62.134158	1296	1351	707	0.534190	0.400000	0.500000
12712425	75270993	51_Scapto_004.fasta	92_Scapto_009.fasta	99.789728	1296	1202	1066	0.853483	0.400000	0.500000
12712425	953307900	51_Scapto_004.fasta	42_Melli_004.fasta	79.541007	1296	1163	884	0.718991	0.400000	0.500000
12712425	1052490636	51_Scapto_004.fasta	39_Melli_barcode04.fasta	64.256951	1296	1664	856	0.578378	0.400000	0.500000
12712425	324979511	51_Scapto_004.fasta	40_Melli_barcode03.fasta	64.301040	1296	1789	865	0.560778	0.400000	0.500000
12712425	762378046	51_Scapto_004.fasta	47_Melli_001.fasta	64.215901	1296	1896	871	0.545739	0.400000	0.500000
12712425	653875641	51_Scapto_004.fasta	45_Melli_020.fasta	64.225403	1296	1843	868	0.553042	0.400000	0.500000
12712425	135250698	51_Scapto_004.fasta	F_sanfranciscensis.DSM-20451.fasta	60.407833	1296	1324	683	0.521374	0.400000	0.500000
12712425	12712425	51_Scapto_004.fasta	51_Scapto_004.fasta	100.000000	1296	1296	1296	1.000000	0.400000	0.500000
12712425	805176975	51_Scapto_004.fasta	A_apinorum.strain-Fhon13.fasta	63.431250	1296	1335	800	0.608134	0.400000	0.500000
12712425	113627661	51_Scapto_004.fasta	L_Lactobacillus.spSy-1.fasta	64.017229	1296	1734	859	0.566997	0.400000	0.500000
12712425	552191896	51_Scapto_004.fasta	A_timberlakei.strain-HV-12.fasta	64.463136	1296	1568	826	0.576816	0.400000	0.500000
12712425	958242321	51_Scapto_004.fasta	Nicoliella_spurrieriana_SGEP1_A5.fasta	64.142924	1296	1700	855	0.570761	0.400000	0.500000
12712425	110467787	51_Scapto_004.fasta	Nicoliella_lavandulae_Es01.fasta	64.368460	1296	1756	883	0.578637	0.400000	0.500000
12712425	644597546	51_Scapto_004.fasta	A_micheneri.strain-Hlig3.fasta	64.545416	1296	1477	818	0.589975	0.400000	0.500000
12712425	723955435	51_Scapto_004.fasta	A_kunkeei.DSM-12361.fasta	63.781840	1296	1380	815	0.609118	0.400000	0.500000
12712425	679189795	51_Scapto_004.fasta	A_ozensis.DSM-23829.fasta	64.309685	1296	1465	826	0.598334	0.400000	0.500000
12712425	771441227	51_Scapto_004.fasta	F_florum.DSM-22689.fasta	59.428799	1296	1381	658	0.491595	0.400000	0.500000
12712425	569010969	51_Scapto_004.fasta	L_kosoi.strain-NBRC-113063.fasta	64.332812	1296	1411	832	0.614703	0.400000	0.500000
12712425	284667070	51_Scapto_004.fasta	A_jinshanensis.strain-HSLZ-75.fasta	63.854278	1296	1543	783	0.551603	0.400000	0.500000
12712425	940568383	51_Scapto_004.fasta	22_Melli_029.fasta	64.228563	1296	1706	870	0.579614	0.400000	0.500000
12712425	588494232	51_Scapto_004.fasta	90_Scapto_barcode20.fasta	64.425332	1296	1325	752	0.573827	0.400000	0.500000
12712425	730450813	51_Scapto_004.fasta	F_lindneri.DSM-20690.fasta	61.019369	1296	1478	697	0.502523	0.400000	0.500000
12712425	1027334324	51_Scapto_004.fasta	A_jinshanensis.brasiliensis.fasta	66.107196	1296	1347	674	0.510026	0.400000	0.500000
12712425	808671099	51_Scapto_004.fasta	A_quenuiae.strain-HV-6.fasta	64.323490	1296	1542	828	0.583510	0.400000	0.500000
12712425	768545654	51_Scapto_004.fasta	92_Scapto_002.fasta	79.428932	1296	1178	871	0.704123	0.400000	0.500000
12712425	1036785887	51_Scapto_004.fasta	23_Scapto_001.fasta	79.513870	1296	1248	876	0.688679	0.400000	0.500000
12712425	560967228	51_Scapto_004.fasta	46_Melli_022.fasta	64.209458	1296	1520	719	0.510653	0.400000	0.500000
12712425	612612514	51_Scapto_004.fasta	89_Scapto_002.fasta	99.787715	1296	1240	1164	0.917981	0.400000	0.500000
12712425	820925739	51_Scapto_004.fasta	90_Scapto_012.fasta	99.692985	1296	1289	1176	0.909865	0.400000	0.500000
12712425	274891167	51_Scapto_004.fasta	89_Scapto_001.fasta	79.378935	1296	1173	883	0.715269	0.400000	0.500000
12712425	1014861920	51_Scapto_004.fasta	45_Melli_016.fasta	64.232173	1296	1659	718	0.485956	0.400000	0.500000
12712425	272623363	51_Scapto_004.fasta	40_Melli_029.fasta	64.507632	1296	1544	701	0.493662	0.400000	0.500000
12712425	915029192	51_Scapto_004.fasta	41_Melli_001.fasta	64.265575	1296	1673	870	0.586056	0.400000	0.500000
12712425	131356186	51_Scapto_004.fasta	L_senioris.DSM-24302.fasta	61.374162	1296	1594	716	0.495502	0.400000	0.500000
805176975	573237050	A_apinorum.strain-Fhon13.fasta	A_jinshanensis.sub-aerogenes.fasta	60.841892	1335	1561	740	0.511050	0.400000	0.500000
805176975	824902336	A_apinorum.strain-Fhon13.fasta	F_fructivorans.strain-DSM-20203.fasta	63.035974	1335	1351	770	0.573343	0.400000	0.500000
805176975	75270993	A_apinorum.strain-Fhon13.fasta	92_Scapto_009.fasta	63.676724	1335	1202	754	0.594403	0.400000	0.500000
805176975	953307900	A_apinorum.strain-Fhon13.fasta	42_Melli_004.fasta	63.979088	1335	1163	746	0.597278	0.400000	0.500000
805176975	1052490636	A_apinorum.strain-Fhon13.fasta	39_Melli_barcode04.fasta	65.477500	1335	1664	920	0.613538	0.400000	0.500000
805176975	324979511	A_apinorum.strain-Fhon13.fasta	40_Melli_barcode03.fasta	65.547024	1335	1789	924	0.591549	0.400000	0.500000
805176975	762378046	A_apinorum.strain-Fhon13.fasta	47_Melli_001.fasta	65.581726	1335	1896	933	0.577530	0.400000	0.500000
805176975	653875641	A_apinorum.strain-Fhon13.fasta	45_Melli_020.fasta	65.498392	1335	1843	933	0.587162	0.400000	0.500000
805176975	135250698	A_apinorum.strain-Fhon13.fasta	F_sanfranciscensis.DSM-20451.fasta	61.661518	1335	1324	764	0.574652	0.400000	0.500000
805176975	12712425	A_apinorum.strain-Fhon13.fasta	51_Scapto_004.fasta	63.431250	1335	1296	800	0.608134	0.400000	0.500000
805176975	805176975	A_apinorum.strain-Fhon13.fasta	A_apinorum.strain-Fhon13.fasta	100.000000	1335	1335	1321	0.989513	0.400000	0.500000
805176975	113627661	A_apinorum.strain-Fhon13.fasta	L_Lactobacillus.spSy-1.fasta	65.587353	1335	1734	933	0.608016	0.400000	0.500000
805176975	552191896	A_apinorum.strain-Fhon13.fasta	A_timberlakei.strain-HV-12.fasta	73.494109	1335	1568	1027	0.707544	0.400000	0.500000
805176975	958242321	A_apinorum.strain-Fhon13.fasta	Nicoliella_spurrieriana_SGEP1_A5.fasta	65.202335	1335	1700	942	0.620758	0.400000	0.500000
805176975	110467787	A_apinorum.strain-Fhon13.fasta	Nicoliella_lavandulae_Es01.fasta	65.710962	1335	1756	967	0.625687	0.400000	0.500000
805176975	644597546	A_apinorum.strain-Fhon13.fasta	A_micheneri.strain-Hlig3.fasta	73.704447	1335	1477	1012	0.719772	0.400000	0.500000
805176975	723955435	A_apinorum.strain-Fhon13.fasta	A_kunkeei.DSM-12361.fasta	83.160730	1335	1380	1151	0.847882	0.400000	0.500000
805176975	679189795	A_apinorum.strain-Fhon13.fasta	A_ozensis.DSM-23829.fasta	68.855637	1335	1465	958	0.684286	0.400000	0.500000
805176975	771441227	A_apinorum.strain-Fhon13.fasta	F_florum.DSM-22689.fasta	60.271448	1335	1381	753	0.554492	0.400000	0.500000
805176975	569010969	A_apinorum.strain-Fhon13.fasta	L_kosoi.strain-NBRC-113063.fasta	73.703401	1335	1411	1029	0.749454	0.400000	0.500000
805176975	284667070	A_apinorum.strain-Fhon13.fasta	A_jinshanensis.strain-HSLZ-75.fasta	60.860272	1335	1543	735	0.510771	0.400000	0.500000
805176975	940568383	A_apinorum.strain-Fhon13.fasta	22_Melli_029.fasta	65.496039	1335	1706	934	0.614272	0.400000	0.500000
805176975	588494232	A_apinorum.strain-Fhon13.fasta	90_Scapto_barcode20.fasta	65.839633	1335	1325	791	0.594737	0.400000	0.500000
805176975	730450813	A_apinorum.strain-Fhon13.fasta	F_lindneri.DSM-20690.fasta	61.786696	1335	1478	793	0.563811	0.400000	0.500000
805176975	1027334324	A_apinorum.strain-Fhon13.fasta	A_jinshanensis.brasiliensis.fasta	62.359190	1335	1347	642	0.478747	0.400000	0.500000
805176975	808671099	A_apinorum.strain-Fhon13.fasta	A_quenuiae.strain-HV-6.fasta	73.302555	1335	1542	1037	0.720890	0.400000	0.500000
805176975	768545654	A_apinorum.strain-Fhon13.fasta	92_Scapto_002.fasta	64.073541	1335	1178	737	0.586550	0.400000	0.500000
805176975	1036785887	A_apinorum.strain-Fhon13.fasta	23_Scapto_001.fasta	63.951832	1335	1248	737	0.570654	0.400000	0.500000
805176975	560967228	A_apinorum.strain-Fhon13.fasta	46_Melli_022.fasta	64.855777	1335	1520	779	0.545709	0.400000	0.500000
805176975	612612514	A_apinorum.strain-Fhon13.fasta	89_Scapto_002.fasta	63.456407	1335	1240	796	0.618252	0.400000	0.500000
805176975	820925739	A_apinorum.strain-Fhon13.fasta	90_Scapto_012.fasta	63.488113	1335	1289	795	0.605945	0.400000	0.500000
805176975	274891167	A_apinorum.strain-Fhon13.fasta	89_Scapto_001.fasta	63.885714	1335	1173	742	0.591707	0.400000	0.500000
805176975	1014861920	A_apinorum.strain-Fhon13.fasta	45_Melli_016.fasta	64.814533	1335	1659	781	0.521710	0.400000	0.500000
805176975	272623363	A_apinorum.strain-Fhon13.fasta	40_Melli_029.fasta	65.009383	1335	1544	762	0.529350	0.400000	0.500000
805176975	915029192	A_apinorum.strain-Fhon13.fasta	41_Melli_001.fasta	65.539722	1335	1673	934	0.621011	0.400000	0.500000
805176975	131356186	A_apinorum.strain-Fhon13.fasta	L_senioris.DSM-24302.fasta	63.181439	1335	1594	792	0.540799	0.400000	0.500000
113627661	573237050	L_Lactobacillus.spSy-1.fasta	A_jinshanensis.sub-aerogenes.fasta	61.694355	1734	1561	806	0.489226	0.400000	0.500000
113627661	824902336	L_Lactobacillus.spSy-1.fasta	F_fructivorans.strain-DSM-20203.fasta	63.235171	1734	1351	789	0.511507	0.400000	0.500000
113627661	75270993	L_Lactobacillus.spSy-1.fasta	92_Scapto_009.fasta	64.157284	1734	1202	810	0.551771	0.400000	0.500000
113627661	953307900	L_Lactobacillus.spSy-1.fasta	42_Melli_004.fasta	64.607109	1734	1163	844	0.582672	0.400000	0.500000
113627661	1052490636	L_Lactobacillus.spSy-1.fasta	39_Melli_barcode04.fasta	79.051877	1734	1664	1305	0.768099	0.400000	0.500000
113627661	324979511	L_Lactobacillus.spSy-1.fasta	40_Melli_barcode03.fasta	79.082809	1734	1789	1303	0.739710	0.400000	0.500000
113627661	762378046	L_Lactobacillus.spSy-1.fasta	47_Melli_001.fasta	79.314066	1734	1896	1301	0.716804	0.400000	0.500000
113627661	653875641	L_Lactobacillus.spSy-1.fasta	45_Melli_020.fasta	79.310407	1734	1843	1302	0.727984	0.400000	0.500000
113627661	135250698	L_Lactobacillus.spSy-1.fasta	F_sanfranciscensis.DSM-20451.fasta	61.796649	1734	1324	761	0.497711	0.400000	0.500000
113627661	12712425	L_Lactobacillus.spSy-1.fasta	51_Scapto_004.fasta	64.017229	1734	1296	859	0.566997	0.400000	0.500000
113627661	805176975	L_Lactobacillus.spSy-1.fasta	A_apinorum.strain-Fhon13.fasta	65.587353	1734	1335	933	0.608016	0.400000	0.500000
113627661	113627661	L_Lactobacillus.spSy-1.fasta	L_Lactobacillus.spSy-1.fasta	100.000000	1734	1734	1731	0.998270	0.400000	0.500000
113627661	552191896	L_Lactobacillus.spSy-1.fasta	A_timberlakei.strain-HV-12.fasta	65.494526	1734	1568	959	0.580860	0.400000	0.500000
113627661	958242321	L_Lactobacillus.spSy-1.fasta	Nicoliella_spurrieriana_SGEP1_A5.fasta	82.746956	1734	1700	1429	0.832266	0.400000	0.500000
113627661	110467787	L_Lactobacillus.spSy-1.fasta	Nicoliella_lavandulae_Es01.fasta	79.954443	1734	1756	1373	0.786819	0.400000	0.500000
113627661	644597546	L_Lactobacillus.spSy-1.fasta	A_micheneri.strain-Hlig3.fasta	65.956317	1734	1477	934	0.581750	0.400000	0.500000
113627661	723955435	L_Lactobacillus.spSy-1.fasta	A_kunkeei.DSM-12361.fasta	65.637436	1734	1380	971	0.623635	0.400000	0.500000
113627661	679189795	L_Lactobacillus.spSy-1.fasta	A_ozensis.DSM-23829.fasta	65.799569	1734	1465	927	0.579556	0.400000	0.500000
113627661	771441227	L_Lactobacillus.spSy-1.fasta	F_florum.DSM-22689.fasta	60.907325	1734	1381	744	0.477689	0.400000	0.500000
113627661	569010969	L_Lactobacillus.spSy-1.fasta	L_kosoi.strain-NBRC-113063.fasta	65.781501	1734	1411	946	0.601590	0.400000	0.500000
113627661	284667070	L_Lactobacillus.spSy-1.fasta	A_jinshanensis.strain-HSLZ-75.fasta	61.659925	1734	1543	801	0.488862	0.400000	0.500000
113627661	940568383	L_Lactobacillus.spSy-1.fasta	22_Melli_029.fasta	79.372367	1734	1706	1301	0.756395	0.400000	0.500000
113627661	588494232	L_Lactobacillus.spSy-1.fasta	90_Scapto_barcode20.fasta	79.480079	1734	1325	1009	0.659693	0.400000	0.500000
113627661	730450813	L_Lactobacillus.spSy-1.fasta	F_lindneri.DSM-20690.fasta	61.953218	1734	1478	808	0.503113	0.400000	0.500000
113627661	1027334324	L_Lactobacillus.spSy-1.fasta	A_jinshanensis.brasiliensis.fasta	63.642429	1734	1347	667	0.432976	0.400000	0.500000
113627661	808671099	L_Lactobacillus.spSy-1.fasta	A_quenuiae.strain-HV-6.fasta	65.499533	1734	1542	964	0.588523	0.400000	0.500000
113627661	768545654	L_Lactobacillus.spSy-1.fasta	92_Scapto_002.fasta	64.640204	1734	1178	832	0.571429	0.400000	0.500000
113627661	1036785887	L_Lactobacillus.spSy-1.fasta	23_Scapto_001.fasta	64.624613	1734	1248	839	0.562710	0.400000	0.500000
113627661	560967228	L_Lactobacillus.spSy-1.fasta	46_Melli_022.fasta	68.758351	1734	1520	946	0.581438	0.400000	0.500000
113627661	612612514	L_Lactobacillus.spSy-1.fasta	89_Scapto_002.fasta	64.083274	1734	1240	849	0.570948	0.400000	0.500000
113627661	820925739	L_Lactobacillus.spSy-1.fasta	90_Scapto_012.fasta	64.048472	1734	1289	851	0.563017	0.400000	0.500000
113627661	274891167	L_Lactobacillus.spSy-1.fasta	89_Scapto_001.fasta	64.631716	1734	1173	845	0.581355	0.400000	0.500000
113627661	1014861920	L_Lactobacillus.spSy-1.fasta	45_Melli_016.fasta	68.702898	1734	1659	949	0.559387	0.400000	0.500000
113627661	272623363	L_Lactobacillus.spSy-1.fasta	40_Melli_029.fasta	68.323559	1734	1544	902	0.550336	0.400000	0.500000
113627661	915029192	L_Lactobacillus.spSy-1.fasta	41_Melli_001.fasta	79.327650	1734	1673	1302	0.764309	0.400000	0.500000
113627661	131356186	L_Lactobacillus.spSy-1.fasta	L_senioris.DSM-24302.fasta	63.610398	1734	1594	779	0.468149	0.400000	0.500000
552191896	573237050	A_timberlakei.strain-HV-12.fasta	A_jinshanensis.sub-aerogenes.fasta	61.224512	1568	1561	769	0.491531	0.400000	0.500000
552191896	824902336	A_timberlakei.strain-HV-12.fasta	F_fructivorans.strain-DSM-20203.fasta	63.414277	1568	1351	788	0.539911	0.400000	0.500000
552191896	75270993	A_timberlakei.strain-HV-12.fasta	92_Scapto_009.fasta	64.595402	1568	1202	783	0.565343	0.400000	0.500000
552191896	953307900	A_timberlakei.strain-HV-12.fasta	42_Melli_004.fasta	64.630556	1568	1163	774	0.566825	0.400000	0.500000
552191896	1052490636	A_timberlakei.strain-HV-12.fasta	39_Melli_barcode04.fasta	65.656145	1568	1664	952	0.589109	0.400000	0.500000
552191896	324979511	A_timberlakei.strain-HV-12.fasta	40_Melli_barcode03.fasta	65.693191	1568	1789	962	0.573131	0.400000	0.500000
552191896	762378046	A_timberlakei.strain-HV-12.fasta	47_Melli_001.fasta	65.689718	1568	1896	958	0.553118	0.400000	0.500000
552191896	653875641	A_timberlakei.strain-HV-12.fasta	45_Melli_020.fasta	65.617276	1568	1843	958	0.561712	0.400000	0.500000
552191896	135250698	A_timberlakei.strain-HV-12.fasta	F_sanfranciscensis.DSM-20451.fasta	61.898825	1568	1324	766	0.529737	0.400000	0.500000
552191896	12712425	A_timberlakei.strain-HV-12.fasta	51_Scapto_004.fasta	64.463136	1568	1296	826	0.576816	0.400000	0.500000
552191896	805176975	A_timberlakei.strain-HV-12.fasta	A_apinorum.strain-Fhon13.fasta	73.494109	1568	1335	1027	0.707544	0.400000	0.500000
552191896	113627661	A_timberlakei.strain-HV-12.fasta	L_Lactobacillus.spSy-1.fasta	65.494526	1568	1734	959	0.580860	0.400000	0.500000
552191896	552191896	A_timberlakei.strain-HV-12.fasta	A_timberlakei.strain-HV-12.fasta	100.000000	1568	1568	1566	0.998724	0.400000	0.500000
552191896	958242321	A_timberlakei.strain-HV-12.fasta	Nicoliella_spurrieriana_SGEP1_A5.fasta	65.507358	1568	1700	965	0.590575	0.400000	0.500000
552191896	110467787	A_timberlakei.strain-HV-12.fasta	Nicoliella_lavandulae_Es01.fasta	65.867518	1568	1756	979	0.589049	0.400000	0.500000
552191896	644597546	A_timberlakei.strain-HV-12.fasta	A_micheneri.strain-Hlig3.fasta	94.379848	1568	1477	1248	0.819704	0.400000	0.500000
552191896	723955435	A_timberlakei.strain-HV-12.fasta	A_kunkeei.DSM-12361.fasta	73.693803	1568	1380	1065	0.722524	0.400000	0.500000
552191896	679189795	A_timberlakei.strain-HV-12.fasta	A_ozensis.DSM-23829.fasta	69.247526	1568	1465	1051	0.693043	0.400000	0.500000
552191896	771441227	A_timberlakei.strain-HV-12.fasta	F_florum.DSM-22689.fasta	60.743631	1568	1381	738	0.500509	0.400000	0.500000
552191896	569010969	A_timberlakei.strain-HV-12.fasta	L_kosoi.strain-NBRC-113063.fasta	94.559580	1568	1411	1237	0.830480	0.400000	0.500000
552191896	284667070	A_timberlakei.strain-HV-12.fasta	A_jinshanensis.strain-HSLZ-75.fasta	61.232222	1568	1543	765	0.491803	0.400000	0.500000
552191896	940568383	A_timberlakei.strain-HV-12.fasta	22_Melli_029.fasta	65.661169	1568	1706	958	0.585217	0.400000	0.500000
552191896	588494232	A_timberlakei.strain-HV-12.fasta	90_Scapto_barcode20.fasta	65.848531	1568	1325	817	0.564812	0.400000	0.500000
552191896	730450813	A_timberlakei.strain-HV-12.fasta	F_lindneri.DSM-20690.fasta	62.041184	1568	1478	811	0.532502	0.400000	0.500000
552191896	1027334324	A_timberlakei.strain-HV-12.fasta	A_jinshanensis.brasiliensis.fasta	62.827955	1568	1347	660	0.452830	0.400000	0.500000
552191896	808671099	A_timberlakei.strain-HV-12.fasta	A_quenuiae.strain-HV-6.fasta	90.504336	1568	1542	1257	0.808360	0.400000	0.500000
552191896	768545654	A_timberlakei.strain-HV-12.fasta	92_Scapto_002.fasta	64.718774	1568	1178	767	0.558631	0.400000	0.500000
552191896	1036785887	A_timberlakei.strain-HV-12.fasta	23_Scapto_001.fasta	64.605476	1568	1248	767	0.544744	0.400000	0.500000
552191896	560967228	A_timberlakei.strain-HV-12.fasta	46_Melli_022.fasta	64.977806	1568	1520	775	0.501943	0.400000	0.500000
552191896	612612514	A_timberlakei.strain-HV-12.fasta	89_Scapto_002.fasta	64.506341	1568	1240	820	0.584046	0.400000	0.500000
552191896	820925739	A_timberlakei.strain-HV-12.fasta	90_Scapto_012.fasta	64.501095	1568	1289	822	0.575429	0.400000	0.500000
552191896	274891167	A_timberlakei.strain-HV-12.fasta	89_Scapto_001.fasta	64.511951	1568	1173	774	0.564757	0.400000	0.500000
552191896	1014861920	A_timberlakei.strain-HV-12.fasta	45_Melli_016.fasta	64.942075	1568	1659	776	0.480942	0.400000	0.500000
552191896	272623363	A_timberlakei.strain-HV-12.fasta	40_Melli_029.fasta	65.320388	1568	1544	748	0.480720	0.400000	0.500000
552191896	915029192	A_timberlakei.strain-HV-12.fasta	41_Melli_001.fasta	65.703661	1568	1673	956	0.589941	0.400000	0.500000
552191896	131356186	A_timberlakei.strain-HV-12.fasta	L_senioris.DSM-24302.fasta	63.417416	1568	1594	778	0.492094	0.400000	0.500000
958242321	573237050	Nicoliella_spurrieriana_SGEP1_A5.fasta	A_jinshanensis.sub-aerogenes.fasta	61.630025	1700	1561	811	0.497393	0.400000	0.500000
958242321	824902336	Nicoliella_spurrieriana_SGEP1_A5.fasta	F_fructivorans.strain-DSM-20203.fasta	62.861988	1700	1351	805	0.527696	0.400000	0.500000
958242321	75270993	Nicoliella_spurrieriana_SGEP1_A5.fasta	92_Scapto_009.fasta	64.337687	1700	1202	804	0.554101	0.400000	0.500000
958242321	953307900	Nicoliella_spurrieriana_SGEP1_A5.fasta	42_Melli_004.fasta	64.562992	1700	1163	839	0.586098	0.400000	0.500000
958242321	1052490636	Nicoliella_spurrieriana_SGEP1_A5.fasta	39_Melli_barcode04.fasta	78.362337	1700	1664	1301	0.773484	0.400000	0.500000
958242321	324979511	Nicoliella_spurrieriana_SGEP1_A5.fasta	40_Melli_barcode03.fasta	78.371099	1700	1789	1301	0.745772	0.400000	0.500000
958242321	762378046	Nicoliella_spurrieriana_SGEP1_A5.fasta	47_Melli_001.fasta	78.599195	1700	1896	1304	0.725250	0.400000	0.500000
958242321	653875641	Nicoliella_spurrieriana_SGEP1_A5.fasta	45_Melli_020.fasta	78.528889	1700	1843	1305	0.736664	0.400000	0.500000
958242321	135250698	Nicoliella_spurrieriana_SGEP1_A5.fasta	F_sanfranciscensis.DSM-20451.fasta	61.769857	1700	1324	768	0.507937	0.400000	0.500000
958242321	12712425	Nicoliella_spurrieriana_SGEP1_A5.fasta	51_Scapto_004.fasta	64.142924	1700	1296	855	0.570761	0.400000	0.500000
958242321	805176975	Nicoliella_spurrieriana_SGEP1_A5.fasta	A_apinorum.strain-Fhon13.fasta	65.202335	1700	1335	942	0.620758	0.400000	0.500000
958242321	113627661	Nicoliella_spurrieriana_SGEP1_A5.fasta	L_Lactobacillus.spSy-1.fasta	82.746956	1700	1734	1429	0.832266	0.400000	0.500000
958242321	552191896	Nicoliella_spurrieriana_SGEP1_A5.fasta	A_timberlakei.strain-HV-12.fasta	65.507358	1700	1568	965	0.590575	0.400000	0.500000
958242321	958242321	Nicoliella_spurrieriana_SGEP1_A5.fasta	Nicoliella_spurrieriana_SGEP1_A5.fasta	100.000000	1700	1700	1697	0.998235	0.400000	0.500000
958242321	110467787	Nicoliella_spurrieriana_SGEP1_A5.fasta	Nicoliella_lavandulae_Es01.fasta	79.154298	1700	1756	1361	0.787616	0.400000	0.500000
958242321	644597546	Nicoliella_spurrieriana_SGEP1_A5.fasta	A_micheneri.strain-Hlig3.fasta	65.847249	1700	1477	945	0.594901	0.400000	0.500000
958242321	723955435	Nicoliella_spurrieriana_SGEP1_A5.fasta	A_kunkeei.DSM-12361.fasta	65.642004	1700	1380	963	0.625325	0.400000	0.500000
958242321	679189795	Nicoliella_spurrieriana_SGEP1_A5.fasta	A_ozensis.DSM-23829.fasta	65.555053	1700	1465	940	0.593997	0.400000	0.500000
958242321	771441227	Nicoliella_spurrieriana_SGEP1_A5.fasta	F_florum.DSM-22689.fasta	60.841356	1700	1381	752	0.488153	0.400000	0.500000
958242321	569010969	Nicoliella_spurrieriana_SGEP1_A5.fasta	L_kosoi.strain-NBRC-113063.fasta	65.686792	1700	1411	954	0.613308	0.400000	0.500000
958242321	284667070	Nicoliella_spurrieriana_SGEP1_A5.fasta	A_jinshanensis.strain-HSLZ-75.fasta	61.596836	1700	1543	806	0.497071	0.400000	0.500000
958242321	940568383	Nicoliella_spurrieriana_SGEP1_A5.fasta	22_Melli_029.fasta	78.625230	1700	1706	1302	0.764533	0.400000	0.500000
958242321	588494232	Nicoliella_spurrieriana_SGEP1_A5.fasta	90_Scapto_barcode20.fasta	79.034431	1700	1325	1002	0.662479	0.400000	0.500000
958242321	730450813	Nicoliella_spurrieriana_SGEP1_A5.fasta	F_lindneri.DSM-20690.fasta	62.058032	1700	1478	803	0.505349	0.400000	0.500000
958242321	1027334324	Nicoliella_spurrieriana_SGEP1_A5.fasta	A_jinshanensis.brasiliensis.fasta	63.342183	1700	1347	678	0.445028	0.400000	0.500000
958242321	808671099	Nicoliella_spurrieriana_SGEP1_A5.fasta	A_quenuiae.strain-HV-6.fasta	65.566563	1700	1542	969	0.597779	0.400000	0.500000
958242321	768545654	Nicoliella_spurrieriana_SGEP1_A5.fasta	92_Scapto_002.fasta	64.480889	1700	1178	832	0.578179	0.400000	0.500000
958242321	1036785887	Nicoliella_spurrieriana_SGEP1_A5.fasta	23_Scapto_001.fasta	64.459345	1700	1248	840	0.569878	0.400000	0.500000
958242321	560967228	Nicoliella_spurrieriana_SGEP1_A5.fasta	46_Melli_022.fasta	68.762618	1700	1520	955	0.593168	0.400000	0.500000
958242321	612612514	Nicoliella_spurrieriana_SGEP1_A5.fasta	89_Scapto_002.fasta	64.236164	1700	1240	842	0.572789	0.400000	0.500000
958242321	820925739	Nicoliella_spurrieriana_SGEP1_A5.fasta	90_Scapto_012.fasta	64.217616	1700	1289	843	0.564068	0.400000	0.500000
958242321	274891167	Nicoliella_spurrieriana_SGEP1_A5.fasta	89_Scapto_001.fasta	64.444326	1700	1173	846	0.588931	0.400000	0.500000
958242321	1014861920	Nicoliella_spurrieriana_SGEP1_A5.fasta	45_Melli_016.fasta	68.727691	1700	1659	957	0.569812	0.400000	0.500000
958242321	272623363	Nicoliella_spurrieriana_SGEP1_A5.fasta	40_Melli_029.fasta	68.412666	1700	1544	904	0.557337	0.400000	0.500000
958242321	915029192	Nicoliella_spurrieriana_SGEP1_A5.fasta	41_Melli_001.fasta	78.524023	1700	1673	1305	0.773792	0.400000	0.500000
958242321	131356186	Nicoliella_spurrieriana_SGEP1_A5.fasta	L_senioris.DSM-24302.fasta	63.489155	1700	1594	793	0.481481	0.400000	0.500000
110467787	573237050	Nicoliella_lavandulae_Es01.fasta	A_jinshanensis.sub-aerogenes.fasta	61.831944	1756	1561	828	0.499246	0.400000	0.500000
110467787	824902336	Nicoliella_lavandulae_Es01.fasta	F_fructivorans.strain-DSM-20203.fasta	63.207820	1756	1351	812	0.522691	0.400000	0.500000
110467787	75270993	Nicoliella_lavandulae_Es01.fasta	92_Scapto_009.fasta	64.550419	1756	1202	835	0.564571	0.400000	0.500000
110467787	953307900	Nicoliella_lavandulae_Es01.fasta	42_Melli_004.fasta	65.046047	1756	1163	860	0.589243	0.400000	0.500000
110467787	1052490636	Nicoliella_lavandulae_Es01.fasta	39_Melli_barcode04.fasta	80.186943	1756	1664	1302	0.761404	0.400000	0.500000
110467787	324979511	Nicoliella_lavandulae_Es01.fasta	40_Melli_barcode03.fasta	80.190500	1756	1789	1300	0.733427	0.400000	0.500000
110467787	762378046	Nicoliella_lavandulae_Es01.fasta	47_Melli_001.fasta	80.185080	1756	1896	1317	0.721249	0.400000	0.500000
110467787	653875641	Nicoliella_lavandulae_Es01.fasta	45_Melli_020.fasta	80.184475	1756	1843	1314	0.730203	0.400000	0.500000
110467787	135250698	Nicoliella_lavandulae_Es01.fasta	F_sanfranciscensis.DSM-20451.fasta	62.075258	1756	1324	776	0.503896	0.400000	0.500000
110467787	12712425	Nicoliella_lavandulae_Es01.fasta	51_Scapto_004.fasta	64.368460	1756	1296	883	0.578637	0.400000	0.500000
110467787	805176975	Nicoliella_lavandulae_Es01.fasta	A_apinorum.strain-Fhon13.fasta	65.710962	1756	1335	967	0.625687	0.400000	0.500000
110467787	113627661	Nicoliella_lavandulae_Es01.fasta	L_Lactobacillus.spSy-1.fasta	79.954443	1756	1734	1373	0.786819	0.400000	0.500000
110467787	552191896	Nicoliella_lavandulae_Es01.fasta	A_timberlakei.strain-HV-12.fasta	65.867518	1756	1568	979	0.589049	0.400000	0.500000
110467787	958242321	Nicoliella_lavandulae_Es01.fasta	Nicoliella_spurrieriana_SGEP1_A5.fasta	79.154298	1756	1700	1361	0.787616	0.400000	0.500000
110467787	110467787	Nicoliella_lavandulae_Es01.fasta	Nicoliella_lavandulae_Es01.fasta	100.000000	1756	1756	1693	0.964123	0.400000	0.500000
110467787	644597546	Nicoliella_lavandulae_Es01.fasta	A_micheneri.strain-Hlig3.fasta	66.292707	1756	1477	953	0.589545	0.400000	0.500000
110467787	723955435	Nicoliella_lavandulae_Es01.fasta	A_kunkeei.DSM-12361.fasta	65.864806	1756	1380	1003	0.639668	0.400000	0.500000
110467787	679189795	Nicoliella_lavandulae_Es01.fasta	A_ozensis.DSM-23829.fasta	65.751197	1756	1465	961	0.596709	0.400000	0.500000
110467787	771441227	Nicoliella_lavandulae_Es01.fasta	F_florum.DSM-22689.fasta	60.942634	1756	1381	767	0.489002	0.400000	0.500000
110467787	569010969	Nicoliella_lavandulae_Es01.fasta	L_kosoi.strain-NBRC-113063.fasta	66.130104	1756	1411	965	0.609410	0.400000	0.500000
110467787	284667070	Nicoliella_lavandulae_Es01.fasta	A_jinshanensis.strain-HSLZ-75.fasta	61.806311	1756	1543	824	0.499545	0.400000	0.500000
110467787	940568383	Nicoliella_lavandulae_Es01.fasta	22_Melli_029.fasta	80.138258	1756	1706	1320	0.762565	0.400000	0.500000
110467787	588494232	Nicoliella_lavandulae_Es01.fasta	90_Scapto_barcode20.fasta	80.646900	1756	1325	1016	0.659526	0.400000	0.500000
110467787	730450813	Nicoliella_lavandulae_Es01.fasta	F_lindneri.DSM-20690.fasta	62.260867	1756	1478	819	0.506494	0.400000	0.500000
110467787	1027334324	Nicoliella_lavandulae_Es01.fasta	A_jinshanensis.brasiliensis.fasta	63.755137	1756	1347	691	0.445375	0.400000	0.500000
110467787	808671099	Nicoliella_lavandulae_Es01.fasta	A_quenuiae.strain-HV-6.fasta	65.859613	1756	1542	983	0.596119	0.400000	0.500000
110467787	768545654	Nicoliella_lavandulae_Es01.fasta	92_Scapto_002.fasta	65.045471	1756	1178	850	0.579414	0.400000	0.500000
110467787	1036785887	Nicoliella_lavandulae_Es01.fasta	23_Scapto_001.fasta	64.986173	1756	1248	857	0.570573	0.400000	0.500000
110467787	560967228	Nicoliella_lavandulae_Es01.fasta	46_Melli_022.fasta	69.194756	1756	1520	963	0.587912	0.400000	0.500000
110467787	612612514	Nicoliella_lavandulae_Es01.fasta	89_Scapto_002.fasta	64.482743	1756	1240	875	0.584112	0.400000	0.500000
110467787	820925739	Nicoliella_lavandulae_Es01.fasta	90_Scapto_012.fasta	64.471396	1756	1289	874	0.574056	0.400000	0.500000
110467787	274891167	Nicoliella_lavandulae_Es01.fasta	89_Scapto_001.fasta	64.973229	1756	1173	861	0.587914	0.400000	0.500000
110467787	1014861920	Nicoliella_lavandulae_Es01.fasta	45_Melli_016.fasta	69.163330	1756	1659	964	0.564568	0.400000	0.500000
110467787	272623363	Nicoliella_lavandulae_Es01.fasta	40_Melli_029.fasta	68.754650	1756	1544	914	0.553939	0.400000	0.500000
110467787	915029192	Nicoliella_lavandulae_Es01.fasta	41_Melli_001.fasta	80.396104	1756	1673	1309	0.763488	0.400000	0.500000
110467787	131356186	Nicoliella_lavandulae_Es01.fasta	L_senioris.DSM-24302.fasta	63.584414	1756	1594	802	0.478806	0.400000	0.500000
644597546	573237050	A_micheneri.strain-Hlig3.fasta	A_jinshanensis.sub-aerogenes.fasta	61.423709	1477	1561	755	0.497038	0.400000	0.500000
644597546	824902336	A_micheneri.strain-Hlig3.fasta	F_fructivorans.strain-DSM-20203.fasta	63.451158	1477	1351	777	0.549505	0.400000	0.500000
644597546	75270993	A_micheneri.strain-Hlig3.fasta	92_Scapto_009.fasta	64.684088	1477	1202	773	0.577081	0.400000	0.500000
644597546	953307900	A_micheneri.strain-Hlig3.fasta	42_Melli_004.fasta	64.816689	1477	1163	761	0.576515	0.400000	0.500000
644597546	1052490636	A_micheneri.strain-Hlig3.fasta	39_Melli_barcode04.fasta	66.223144	1477	1664	916	0.583254	0.400000	0.500000
644597546	324979511	A_micheneri.strain-Hlig3.fasta	40_Melli_barcode03.fasta	66.241478	1477	1789	927	0.567667	0.400000	0.500000
644597546	762378046	A_micheneri.strain-Hlig3.fasta	47_Melli_001.fasta	66.230259	1477	1896	927	0.549659	0.400000	0.500000
644597546	653875641	A_micheneri.strain-Hlig3.fasta	45_Melli_020.fasta	66.163823	1477	1843	926	0.557831	0.400000	0.500000
644597546	135250698	A_micheneri.strain-Hlig3.fasta	F_sanfranciscensis.DSM-20451.fasta	62.052996	1477	1324	751	0.536237	0.400000	0.500000
644597546	12712425	A_micheneri.strain-Hlig3.fasta	51_Scapto_004.fasta	64.545416	1477	1296	818	0.589975	0.400000	0.500000
644597546	805176975	A_micheneri.strain-Hlig3.fasta	A_apinorum.strain-Fhon13.fasta	73.704447	1477	1335	1012	0.719772	0.400000	0.500000
644597546	113627661	A_micheneri.strain-Hlig3.fasta	L_Lactobacillus.spSy-1.fasta	65.956317	1477	1734	934	0.581750	0.400000	0.500000
644597546	552191896	A_micheneri.strain-Hlig3.fasta	A_timberlakei.strain-HV-12.fasta	94.379848	1477	1568	1248	0.819704	0.400000	0.500000
644597546	958242321	A_micheneri.strain-Hlig3.fasta	Nicoliella_spurrieriana_SGEP1_A5.fasta	65.847249	1477	1700	945	0.594901	0.400000	0.500000
644597546	110467787	A_micheneri.strain-Hlig3.fasta	Nicoliella_lavandulae_Es01.fasta	66.292707	1477	1756	953	0.589545	0.400000	0.500000
644597546	644597546	A_micheneri.strain-Hlig3.fasta	A_micheneri.strain-Hlig3.fasta	100.000000	1477	1477	1477	1.000000	0.400000	0.500000
644597546	723955435	A_micheneri.strain-Hlig3.fasta	A_kunkeei.DSM-12361.fasta	74.154223	1477	1380	1042	0.729436	0.400000	0.500000
644597546	679189795	A_micheneri.strain-Hlig3.fasta	A_ozensis.DSM-23829.fasta	69.846872	1477	1465	1007	0.684568	0.400000	0.500000
644597546	771441227	A_micheneri.strain-Hlig3.fasta	F_florum.DSM-22689.fasta	60.808196	1477	1381	726	0.508048	0.400000	0.500000
644597546	569010969	A_micheneri.strain-Hlig3.fasta	L_kosoi.strain-NBRC-113063.fasta	97.440968	1477	1411	1240	0.858726	0.400000	0.500000
644597546	284667070	A_micheneri.strain-Hlig3.fasta	A_jinshanensis.strain-HSLZ-75.fasta	61.438149	1477	1543	751	0.497351	0.400000	0.500000
644597546	940568383	A_micheneri.strain-Hlig3.fasta	22_Melli_029.fasta	66.082078	1477	1706	929	0.583726	0.400000	0.500000
644597546	588494232	A_micheneri.strain-Hlig3.fasta	90_Scapto_barcode20.fasta	66.239710	1477	1325	792	0.565310	0.400000	0.500000
644597546	730450813	A_micheneri.strain-Hlig3.fasta	F_lindneri.DSM-20690.fasta	62.194347	1477	1478	796	0.538748	0.400000	0.500000
644597546	1027334324	A_micheneri.strain-Hlig3.fasta	A_jinshanensis.brasiliensis.fasta	62.892609	1477	1347	663	0.469547	0.400000	0.500000
644597546	808671099	A_micheneri.strain-Hlig3.fasta	A_quenuiae.strain-HV-6.fasta	90.199595	1477	1542	1236	0.818814	0.400000	0.500000
644597546	768545654	A_micheneri.strain-Hlig3.fasta	92_Scapto_002.fasta	64.864834	1477	1178	755	0.568738	0.400000	0.500000
644597546	1036785887	A_micheneri.strain-Hlig3.fasta	23_Scapto_001.fasta	64.862317	1477	1248	751	0.551193	0.400000	0.500000
644597546	560967228	A_micheneri.strain-Hlig3.fasta	46_Melli_022.fasta	65.160901	1477	1520	766	0.511178	0.400000	0.500000
644597546	612612514	A_micheneri.strain-Hlig3.fasta	89_Scapto_002.fasta	64.694245	1477	1240	808	0.594774	0.400000	0.500000
644597546	820925739	A_micheneri.strain-Hlig3.fasta	90_Scapto_012.fasta	64.602276	1477	1289	813	0.587852	0.400000	0.500000
644597546	274891167	A_micheneri.strain-Hlig3.fasta	89_Scapto_001.fasta	64.792008	1477	1173	757	0.571321	0.400000	0.500000
644597546	1014861920	A_micheneri.strain-Hlig3.fasta	45_Melli_016.fasta	65.092253	1477	1659	768	0.489796	0.400000	0.500000
644597546	272623363	A_micheneri.strain-Hlig3.fasta	40_Melli_029.fasta	65.467432	1477	1544	740	0.489904	0.400000	0.500000
644597546	915029192	A_micheneri.strain-Hlig3.fasta	41_Melli_001.fasta	66.219600	1477	1673	926	0.587937	0.400000	0.500000
644597546	131356186	A_micheneri.strain-Hlig3.fasta	L_senioris.DSM-24302.fasta	63.550194	1477	1594	775	0.504722	0.400000	0.500000
723955435	573237050	A_kunkeei.DSM-12361.fasta	A_jinshanensis.sub-aerogenes.fasta	60.972200	1380	1561	759	0.516151	0.400000	0.500000
723955435	824902336	A_kunkeei.DSM-12361.fasta	F_fructivorans.strain-DSM-20203.fasta	63.220518	1380	1351	792	0.580007	0.400000	0.500000
723955435	75270993	A_kunkeei.DSM-12361.fasta	92_Scapto_009.fasta	63.978153	1380	1202	769	0.595662	0.400000	0.500000
723955435	953307900	A_kunkeei.DSM-12361.fasta	42_Melli_004.fasta	64.073087	1380	1163	771	0.606370	0.400000	0.500000
723955435	1052490636	A_kunkeei.DSM-12361.fasta	39_Melli_barcode04.fasta	65.833897	1380	1664	947	0.622208	0.400000	0.500000
723955435	324979511	A_kunkeei.DSM-12361.fasta	40_Melli_barcode03.fasta	65.965348	1380	1789	948	0.598296	0.400000	0.500000
723955435	762378046	A_kunkeei.DSM-12361.fasta	47_Melli_001.fasta	66.002194	1380	1896	957	0.584249	0.400000	0.500000
723955435	653875641	A_kunkeei.DSM-12361.fasta	45_Melli_020.fasta	65.979927	1380	1843	954	0.591995	0.400000	0.500000
723955435	135250698	A_kunkeei.DSM-12361.fasta	F_sanfranciscensis.DSM-20451.fasta	61.858398	1380	1324	768	0.568047	0.400000	0.500000
723955435	12712425	A_kunkeei.DSM-12361.fasta	51_Scapto_004.fasta	63.781840	1380	1296	815	0.609118	0.400000	0.500000
723955435	805176975	A_kunkeei.DSM-12361.fasta	A_apinorum.strain-Fhon13.fasta	83.160730	1380	1335	1151	0.847882	0.400000	0.500000
723955435	113627661	A_kunkeei.DSM-12361.fasta	L_Lactobacillus.spSy-1.fasta	65.637436	1380	1734	971	0.623635	0.400000	0.500000
723955435	552191896	A_kunkeei.DSM-12361.fasta	A_timberlakei.strain-HV-12.fasta	73.693803	1380	1568	1065	0.722524	0.400000	0.500000
723955435	958242321	A_kunkeei.DSM-12361.fasta	Nicoliella_spurrieriana_SGEP1_A5.fasta	65.642004	1380	1700	963	0.625325	0.400000	0.500000
723955435	110467787	A_kunkeei.DSM-12361.fasta	Nicoliella_lavandulae_Es01.fasta	65.864806	1380	1756	1003	0.639668	0.400000	0.500000
723955435	644597546	A_kunkeei.DSM-12361.fasta	A_micheneri.strain-Hlig3.fasta	74.154223	1380	1477	1042	0.729436	0.400000	0.500000
723955435	723955435	A_kunkeei.DSM-12361.fasta	A_kunkeei.DSM-12361.fasta	100.000000	1380	1380	1380	1.000000	0.400000	0.500000
723955435	679189795	A_kunkeei.DSM-12361.fasta	A_ozensis.DSM-23829.fasta	68.962691	1380	1465	981	0.689631	0.400000	0.500000
723955435	771441227	A_kunkeei.DSM-12361.fasta	F_florum.DSM-22689.fasta	60.391987	1380	1381	755	0.546903	0.400000	0.500000
723955435	569010969	A_kunkeei.DSM-12361.fasta	L_kosoi.strain-NBRC-113063.fasta	74.080634	1380	1411	1056	0.756718	0.400000	0.500000
723955435	284667070	A_kunkeei.DSM-12361.fasta	A_jinshanensis.strain-HSLZ-75.fasta	61.009218	1380	1543	754	0.515908	0.400000	0.500000
723955435	940568383	A_kunkeei.DSM-12361.fasta	22_Melli_029.fasta	65.863177	1380	1706	960	0.622165	0.400000	0.500000
723955435	588494232	A_kunkeei.DSM-12361.fasta	90_Scapto_barcode20.fasta	65.635934	1380	1325	814	0.601848	0.400000	0.500000
723955435	730450813	A_kunkeei.DSM-12361.fasta	F_lindneri.DSM-20690.fasta	61.981511	1380	1478	814	0.569629	0.400000	0.500000
723955435	1027334324	A_kunkeei.DSM-12361.fasta	A_jinshanensis.brasiliensis.fasta	62.695176	1380	1347	653	0.478915	0.400000	0.500000
723955435	808671099	A_kunkeei.DSM-12361.fasta	A_quenuiae.strain-HV-6.fasta	73.640365	1380	1542	1069	0.731691	0.400000	0.500000
723955435	768545654	A_kunkeei.DSM-12361.fasta	92_Scapto_002.fasta	64.109830	1380	1178	763	0.596560	0.400000	0.500000
723955435	1036785887	A_kunkeei.DSM-12361.fasta	23_Scapto_001.fasta	64.089829	1380	1248	762	0.579909	0.400000	0.500000
723955435	560967228	A_kunkeei.DSM-12361.fasta	46_Melli_022.fasta	65.079597	1380	1520	794	0.547586	0.400000	0.500000
723955435	612612514	A_kunkeei.DSM-12361.fasta	89_Scapto_002.fasta	63.845926	1380	1240	810	0.618321	0.400000	0.500000
723955435	820925739	A_kunkeei.DSM-12361.fasta	90_Scapto_012.fasta	63.819431	1380	1289	808	0.605470	0.400000	0.500000
723955435	274891167	A_kunkeei.DSM-12361.fasta	89_Scapto_001.fasta	63.997392	1380	1173	767	0.600862	0.400000	0.500000
723955435	1014861920	A_kunkeei.DSM-12361.fasta	45_Melli_016.fasta	65.039698	1380	1659	796	0.523857	0.400000	0.500000
723955435	272623363	A_kunkeei.DSM-12361.fasta	40_Melli_029.fasta	65.247552	1380	1544	776	0.530780	0.400000	0.500000
723955435	915029192	A_kunkeei.DSM-12361.fasta	41_Melli_001.fasta	65.916806	1380	1673	955	0.625614	0.400000	0.500000
723955435	131356186	A_kunkeei.DSM-12361.fasta	L_senioris.DSM-24302.fasta	63.569328	1380	1594	789	0.530599	0.400000	0.500000
679189795	573237050	A_ozensis.DSM-23829.fasta	A_jinshanensis.sub-aerogenes.fasta	61.315310	1465	1561	774	0.511566	0.400000	0.500000
679189795	824902336	A_ozensis.DSM-23829.fasta	F_fructivorans.strain-DSM-20203.fasta	63.645844	1465	1351	782	0.555398	0.400000	0.500000
679189795	75270993	A_ozensis.DSM-23829.fasta	92_Scapto_009.fasta	64.445122	1465	1202	779	0.584177	0.400000	0.500000
679189795	953307900	A_ozensis.DSM-23829.fasta	42_Melli_004.fasta	64.445746	1465	1163	764	0.581431	0.400000	0.500000
679189795	1052490636	A_ozensis.DSM-23829.fasta	39_Melli_barcode04.fasta	65.584740	1465	1664	924	0.590604	0.400000	0.500000
679189795	324979511	A_ozensis.DSM-23829.fasta	40_Melli_barcode03.fasta	65.607273	1465	1789	935	0.574677	0.400000	0.500000
679189795	762378046	A_ozensis.DSM-23829.fasta	47_Melli_001.fasta	65.551283	1465	1896	935	0.556382	0.400000	0.500000
679189795	653875641	A_ozensis.DSM-23829.fasta	45_Melli_020.fasta	65.615665	1465	1843	932	0.563482	0.400000	0.500000
679189795	135250698	A_ozensis.DSM-23829.fasta	F_sanfranciscensis.DSM-20451.fasta	62.325594	1465	1324	758	0.543564	0.400000	0.500000
679189795	12712425	A_ozensis.DSM-23829.fasta	51_Scapto_004.fasta	64.309685	1465	1296	826	0.598334	0.400000	0.500000
679189795	805176975	A_ozensis.DSM-23829.fasta	A_apinorum.strain-Fhon13.fasta	68.855637	1465	1335	958	0.684286	0.400000	0.500000
679189795	113627661	A_ozensis.DSM-23829.fasta	L_Lactobacillus.spSy-1.fasta	65.799569	1465	1734	927	0.579556	0.400000	0.500000
679189795	552191896	A_ozensis.DSM-23829.fasta	A_timberlakei.strain-HV-12.fasta	69.247526	1465	1568	1051	0.693043	0.400000	0.500000
679189795	958242321	A_ozensis.DSM-23829.fasta	Nicoliella_spurrieriana_SGEP1_A5.fasta	65.555053	1465	1700	940	0.593997	0.400000	0.500000
679189795	110467787	A_ozensis.DSM-23829.fasta	Nicoliella_lavandulae_Es01.fasta	65.751197	1465	1756	961	0.596709	0.400000	0.500000
679189795	644597546	A_ozensis.DSM-23829.fasta	A_micheneri.strain-Hlig3.fasta	69.846872	1465	1477	1007	0.684568	0.400000	0.500000
679189795	723955435	A_ozensis.DSM-23829.fasta	A_kunkeei.DSM-12361.fasta	68.962691	1465	1380	981	0.689631	0.400000	0.500000
679189795	679189795	A_ozensis.DSM-23829.fasta	A_ozensis.DSM-23829.fasta	100.000000	1465	1465	1465	1.000000	0.400000	0.500000
679189795	771441227	A_ozensis.DSM-23829.fasta	F_florum.DSM-22689.fasta	60.778562	1465	1381	744	0.522839	0.400000	0.500000
679189795	569010969	A_ozensis.DSM-23829.fasta	L_kosoi.strain-NBRC-113063.fasta	69.885652	1465	1411	1028	0.714882	0.400000	0.500000
679189795	284667070	A_ozensis.DSM-23829.fasta	A_jinshanensis.strain-HSLZ-75.fasta	61.319545	1465	1543	770	0.511968	0.400000	0.500000
679189795	940568383	A_ozensis.DSM-23829.fasta	22_Melli_029.fasta	65.600321	1465	1706	934	0.589089	0.400000	0.500000
679189795	588494232	A_ozensis.DSM-23829.fasta	90_Scapto_barcode20.fasta	65.858446	1465	1325	811	0.581362	0.400000	0.500000
679189795	730450813	A_ozensis.DSM-23829.fasta	F_lindneri.DSM-20690.fasta	62.375345	1465	1478	797	0.541624	0.400000	0.500000
679189795	1027334324	A_ozensis.DSM-23829.fasta	A_jinshanensis.brasiliensis.fasta	63.088931	1465	1347	655	0.465861	0.400000	0.500000
679189795	808671099	A_ozensis.DSM-23829.fasta	A_quenuiae.strain-HV-6.fasta	69.382150	1465	1542	1028	0.683738	0.400000	0.500000
679189795	768545654	A_ozensis.DSM-23829.fasta	92_Scapto_002.fasta	64.532738	1465	1178	756	0.572077	0.400000	0.500000
679189795	1036785887	A_ozensis.DSM-23829.fasta	23_Scapto_001.fasta	64.428958	1465	1248	758	0.558791	0.400000	0.500000
679189795	560967228	A_ozensis.DSM-23829.fasta	46_Melli_022.fasta	64.993503	1465	1520	785	0.525963	0.400000	0.500000
679189795	612612514	A_ozensis.DSM-23829.fasta	89_Scapto_002.fasta	64.337302	1465	1240	819	0.605545	0.400000	0.500000
679189795	820925739	A_ozensis.DSM-23829.fasta	90_Scapto_012.fasta	64.393773	1465	1289	819	0.594771	0.400000	0.500000
679189795	274891167	A_ozensis.DSM-23829.fasta	89_Scapto_001.fasta	64.334555	1465	1173	764	0.579227	0.400000	0.500000
679189795	1014861920	A_ozensis.DSM-23829.fasta	45_Melli_016.fasta	64.922335	1465	1659	788	0.504481	0.400000	0.500000
679189795	272623363	A_ozensis.DSM-23829.fasta	40_Melli_029.fasta	65.259724	1465	1544	761	0.505816	0.400000	0.500000
679189795	915029192	A_ozensis.DSM-23829.fasta	41_Melli_001.fasta	65.613437	1465	1673	934	0.595284	0.400000	0.500000
679189795	131356186	A_ozensis.DSM-23829.fasta	L_senioris.DSM-24302.fasta	63.764078	1465	1594	792	0.517816	0.400000	0.500000
771441227	573237050	F_florum.DSM-22689.fasta	A_jinshanensis.sub-aerogenes.fasta	57.786826	1381	1561	649	0.441196	0.400000	0.500000
771441227	824902336	F_florum.DSM-22689.fasta	F_fructivorans.strain-DSM-20203.fasta	64.854511	1381	1351	931	0.681552	0.400000	0.500000
771441227	75270993	F_florum.DSM-22689.fasta	92_Scapto_009.fasta	59.434776	1381	1202	624	0.483159	0.400000	0.500000
771441227	953307900	F_florum.DSM-22689.fasta	42_Melli_004.fasta	59.999038	1381	1163	624	0.490566	0.400000	0.500000
771441227	1052490636	F_florum.DSM-22689.fasta	39_Melli_barcode04.fasta	60.692828	1381	1664	739	0.485386	0.400000	0.500000
771441227	324979511	F_florum.DSM-22689.fasta	40_Melli_barcode03.fasta	60.789128	1381	1789	745	0.470032	0.400000	0.500000
771441227	762378046	F_florum.DSM-22689.fasta	47_Melli_001.fasta	60.705333	1381	1896	750	0.457736	0.400000	0.500000
771441227	653875641	F_florum.DSM-22689.fasta	45_Melli_020.fasta	60.777480	1381	1843	746	0.462779	0.400000	0.500000
771441227	135250698	F_florum.DSM-22689.fasta	F_sanfranciscensis.DSM-20451.fasta	68.562337	1381	1324	920	0.680222	0.400000	0.500000
771441227	12712425	F_florum.DSM-22689.fasta	51_Scapto_004.fasta	59.428799	1381	1296	658	0.491595	0.400000	0.500000
771441227	805176975	F_florum.DSM-22689.fasta	A_apinorum.strain-Fhon13.fasta	60.271448	1381	1335	753	0.554492	0.400000	0.500000
771441227	113627661	F_florum.DSM-22689.fasta	L_Lactobacillus.spSy-1.fasta	60.907325	1381	1734	744	0.477689	0.400000	0.500000
771441227	552191896	F_florum.DSM-22689.fasta	A_timberlakei.strain-HV-12.fasta	60.743631	1381	1568	738	0.500509	0.400000	0.500000
771441227	958242321	F_florum.DSM-22689.fasta	Nicoliella_spurrieriana_SGEP1_A5.fasta	60.841356	1381	1700	752	0.488153	0.400000	0.500000
771441227	110467787	F_florum.DSM-22689.fasta	Nicoliella_lavandulae_Es01.fasta	60.942634	1381	1756	767	0.489002	0.400000	0.500000
771441227	644597546	F_florum.DSM-22689.fasta	A_micheneri.strain-Hlig3.fasta	60.808196	1381	1477	726	0.508048	0.400000	0.500000
771441227	723955435	F_florum.DSM-22689.fasta	A_kunkeei.DSM-12361.fasta	60.391987	1381	1380	755	0.546903	0.400000	0.500000
771441227	679189795	F_florum.DSM-22689.fasta	A_ozensis.DSM-23829.fasta	60.778562	1381	1465	744	0.522839	0.400000	0.500000
771441227	771441227	F_florum.DSM-22689.fasta	F_florum.DSM-22689.fasta	100.000000	1381	1381	1380	0.999276	0.400000	0.500000
771441227	569010969	F_florum.DSM-22689.fasta	L_kosoi.strain-NBRC-113063.fasta	60.844776	1381	1411	737	0.527937	0.400000	0.500000
771441227	284667070	F_florum.DSM-22689.fasta	A_jinshanensis.strain-HSLZ-75.fasta	57.842558	1381	1543	645	0.441176	0.400000	0.500000
771441227	940568383	F_florum.DSM-22689.fasta	22_Melli_029.fasta	60.807181	1381	1706	745	0.482669	0.400000	0.500000
771441227	588494232	F_florum.DSM-22689.fasta	90_Scapto_barcode20.fasta	61.050530	1381	1325	661	0.488544	0.400000	0.500000
771441227	730450813	F_florum.DSM-22689.fasta	F_lindneri.DSM-20690.fasta	69.872782	1381	1478	1003	0.701644	0.400000	0.500000
771441227	1027334324	F_florum.DSM-22689.fasta	A_jinshanensis.brasiliensis.fasta	59.060946	1381	1347	571	0.418622	0.400000	0.500000
771441227	808671099	F_florum.DSM-22689.fasta	A_quenuiae.strain-HV-6.fasta	60.699327	1381	1542	743	0.508382	0.400000	0.500000
771441227	768545654	F_florum.DSM-22689.fasta	92_Scapto_002.fasta	59.930291	1381	1178	619	0.483783	0.400000	0.500000
771441227	1036785887	F_florum.DSM-22689.fasta	23_Scapto_001.fasta	60.044959	1381	1248	615	0.467859	0.400000	0.500000
771441227	560967228	F_florum.DSM-22689.fasta	46_Melli_022.fasta	60.331967	1381	1520	671	0.462599	0.400000	0.500000
771441227	612612514	F_florum.DSM-22689.fasta	89_Scapto_002.fasta	59.517025	1381	1240	652	0.497520	0.400000	0.500000
771441227	820925739	F_florum.DSM-22689.fasta	90_Scapto_012.fasta	59.511308	1381	1289	650	0.486891	0.400000	0.500000
771441227	274891167	F_florum.DSM-22689.fasta	89_Scapto_001.fasta	59.901047	1381	1173	621	0.486296	0.400000	0.500000
771441227	1014861920	F_florum.DSM-22689.fasta	45_Melli_016.fasta	60.317139	1381	1659	671	0.441447	0.400000	0.500000
771441227	272623363	F_florum.DSM-22689.fasta	40_Melli_029.fasta	60.686907	1381	1544	653	0.446496	0.400000	0.500000
771441227	915029192	F_florum.DSM-22689.fasta	41_Melli_001.fasta	60.862433	1381	1673	744	0.487230	0.400000	0.500000
771441227	131356186	F_florum.DSM-22689.fasta	L_senioris.DSM-24302.fasta	60.602426	1381	1594	742	0.498824	0.400000	0.500000
569010969	573237050	L_kosoi.strain-NBRC-113063.fasta	A_jinshanensis.sub-aerogenes.fasta	61.451247	1411	1561	762	0.512786	0.400000	0.500000
569010969	824902336	L_kosoi.strain-NBRC-113063.fasta	F_fructivorans.strain-DSM-20203.fasta	63.535595	1411	1351	781	0.565532	0.400000	0.500000
569010969	75270993	L_kosoi.strain-NBRC-113063.fasta	92_Scapto_009.fasta	64.518790	1411	1202	785	0.600842	0.400000	0.500000
569010969	953307900	L_kosoi.strain-NBRC-113063.fasta	42_Melli_004.fasta	64.627913	1411	1163	781	0.606838	0.400000	0.500000
569010969	1052490636	L_kosoi.strain-NBRC-113063.fasta	39_Melli_barcode04.fasta	65.960872	1411	1664	929	0.604228	0.400000	0.500000
569010969	324979511	L_kosoi.strain-NBRC-113063.fasta	40_Melli_barcode03.fasta	65.923065	1411	1789	943	0.589375	0.400000	0.500000
569010969	762378046	L_kosoi.strain-NBRC-113063.fasta	47_Melli_001.fasta	65.999361	1411	1896	939	0.567886	0.400000	0.500000
569010969	653875641	L_kosoi.strain-NBRC-113063.fasta	45_Melli_020.fasta	65.901866	1411	1843	938	0.576521	0.400000	0.500000
569010969	135250698	L_kosoi.strain-NBRC-113063.fasta	F_sanfranciscensis.DSM-20451.fasta	62.058990	1411	1324	762	0.557221	0.400000	0.500000
569010969	12712425	L_kosoi.strain-NBRC-113063.fasta	51_Scapto_004.fasta	64.332812	1411	1296	832	0.614703	0.400000	0.500000
569010969	805176975	L_kosoi.strain-NBRC-113063.fasta	A_apinorum.strain-Fhon13.fasta	73.703401	1411	1335	1029	0.749454	0.400000	0.500000
569010969	113627661	L_kosoi.strain-NBRC-113063.fasta	L_Lactobacillus.spSy-1.fasta	65.781501	1411	1734	946	0.601590	0.400000	0.500000
569010969	552191896	L_kosoi.strain-NBRC-113063.fasta	A_timberlakei.strain-HV-12.fasta	94.559580	1411	1568	1237	0.830480	0.400000	0.500000
569010969	958242321	L_kosoi.strain-NBRC-113063.fasta	Nicoliella_spurrieriana_SGEP1_A5.fasta	65.686792	1411	1700	954	0.613308	0.400000	0.500000
569010969	110467787	L_kosoi.strain-NBRC-113063.fasta	Nicoliella_lavandulae_Es01.fasta	66.130104	1411	1756	965	0.609410	0.400000	0.500000
569010969	644597546	L_kosoi.strain-NBRC-113063.fasta	A_micheneri.strain-Hlig3.fasta	97.440968	1411	1477	1240	0.858726	0.400000	0.500000
569010969	723955435	L_kosoi.strain-NBRC-113063.fasta	A_kunkeei.DSM-12361.fasta	74.080634	1411	1380	1056	0.756718	0.400000	0.500000
569010969	679189795	L_kosoi.strain-NBRC-113063.fasta	A_ozensis.DSM-23829.fasta	69.885652	1411	1465	1028	0.714882	0.400000	0.500000
569010969	771441227	L_kosoi.strain-NBRC-113063.fasta	F_florum.DSM-22689.fasta	60.844776	1411	1381	737	0.527937	0.400000	0.500000
569010969	569010969	L_kosoi.strain-NBRC-113063.fasta	L_kosoi.strain-NBRC-113063.fasta	100.000000	1411	1411	1411	1.000000	0.400000	0.500000
569010969	284667070	L_kosoi.strain-NBRC-113063.fasta	A_jinshanensis.strain-HSLZ-75.fasta	61.443610	1411	1543	759	0.513879	0.400000	0.500000
569010969	940568383	L_kosoi.strain-NBRC-113063.fasta	22_Melli_029.fasta	65.863694	1411	1706	942	0.604427	0.400000	0.500000
569010969	588494232	L_kosoi.strain-NBRC-113063.fasta	90_Scapto_barcode20.fasta	66.189330	1411	1325	806	0.589181	0.400000	0.500000
569010969	730450813	L_kosoi.strain-NBRC-113063.fasta	F_lindneri.DSM-20690.fasta	62.225592	1411	1478	803	0.555902	0.400000	0.500000
569010969	1027334324	L_kosoi.strain-NBRC-113063.fasta	A_jinshanensis.brasiliensis.fasta	62.909077	1411	1347	661	0.479333	0.400000	0.500000
569010969	808671099	L_kosoi.strain-NBRC-113063.fasta	A_quenuiae.strain-HV-6.fasta	90.465820	1411	1542	1220	0.826278	0.400000	0.500000
569010969	768545654	L_kosoi.strain-NBRC-113063.fasta	92_Scapto_002.fasta	64.701098	1411	1178	774	0.597914	0.400000	0.500000
569010969	1036785887	L_kosoi.strain-NBRC-113063.fasta	23_Scapto_001.fasta	64.636399	1411	1248	772	0.580669	0.400000	0.500000
569010969	560967228	L_kosoi.strain-NBRC-113063.fasta	46_Melli_022.fasta	65.053273	1411	1520	779	0.531559	0.400000	0.500000
569010969	612612514	L_kosoi.strain-NBRC-113063.fasta	89_Scapto_002.fasta	64.419137	1411	1240	823	0.620898	0.400000	0.500000
569010969	820925739	L_kosoi.strain-NBRC-113063.fasta	90_Scapto_012.fasta	64.309952	1411	1289	829	0.614074	0.400000	0.500000
569010969	274891167	L_kosoi.strain-NBRC-113063.fasta	89_Scapto_001.fasta	64.611840	1411	1173	777	0.601393	0.400000	0.500000
569010969	1014861920	L_kosoi.strain-NBRC-113063.fasta	45_Melli_016.fasta	65.026154	1411	1659	780	0.508143	0.400000	0.500000
569010969	272623363	L_kosoi.strain-NBRC-113063.fasta	40_Melli_029.fasta	65.394622	1411	1544	753	0.509645	0.400000	0.500000
569010969	915029192	L_kosoi.strain-NBRC-113063.fasta	41_Melli_001.fasta	65.928936	1411	1673	940	0.609598	0.400000	0.500000
569010969	131356186	L_kosoi.strain-NBRC-113063.fasta	L_senioris.DSM-24302.fasta	63.566216	1411	1594	777	0.517138	0.400000	0.500000
284667070	573237050	A_jinshanensis.strain-HSLZ-75.fasta	A_jinshanensis.sub-aerogenes.fasta	99.941243	1543	1561	1536	0.989691	0.400000	0.500000
284667070	824902336	A_jinshanensis.strain-HSLZ-75.fasta	F_fructivorans.strain-DSM-20203.fasta	60.005102	1543	1351	686	0.474084	0.400000	0.500000
284667070	75270993	A_jinshanensis.strain-HSLZ-75.fasta	92_Scapto_009.fasta	63.992365	1543	1202	740	0.539162	0.400000	0.500000
284667070	953307900	A_jinshanensis.strain-HSLZ-75.fasta	42_Melli_004.fasta	63.668724	1543	1163	713	0.526977	0.400000	0.500000
284667070	1052490636	A_jinshanensis.strain-HSLZ-75.fasta	39_Melli_barcode04.fasta	61.500125	1543	1664	803	0.500780	0.400000	0.500000
284667070	324979511	A_jinshanensis.strain-HSLZ-75.fasta	40_Melli_barcode03.fasta	61.477653	1543	1789	801	0.480792	0.400000	0.500000
284667070	762378046	A_jinshanensis.strain-HSLZ-75.fasta	47_Melli_001.fasta	61.590915	1543	1896	809	0.470486	0.400000	0.500000
284667070	653875641	A_jinshanensis.strain-HSLZ-75.fasta	45_Melli_020.fasta	61.590644	1543	1843	807	0.476669	0.400000	0.500000
284667070	135250698	A_jinshanensis.strain-HSLZ-75.fasta	F_sanfranciscensis.DSM-20451.fasta	58.628078	1543	1324	666	0.464597	0.400000	0.500000
284667070	12712425	A_jinshanensis.strain-HSLZ-75.fasta	51_Scapto_004.fasta	63.854278	1543	1296	783	0.551603	0.400000	0.500000
284667070	805176975	A_jinshanensis.strain-HSLZ-75.fasta	A_apinorum.strain-Fhon13.fasta	60.860272	1543	1335	735	0.510771	0.400000	0.500000
284667070	113627661	A_jinshanensis.strain-HSLZ-75.fasta	L_Lactobacillus.spSy-1.fasta	61.659925	1543	1734	801	0.488862	0.400000	0.500000
284667070	552191896	A_jinshanensis.strain-HSLZ-75.fasta	A_timberlakei.strain-HV-12.fasta	61.232222	1543	1568	765	0.491803	0.400000	0.500000
284667070	958242321	A_jinshanensis.strain-HSLZ-75.fasta	Nicoliella_spurrieriana_SGEP1_A5.fasta	61.596836	1543	1700	806	0.497071	0.400000	0.500000
284667070	110467787	A_jinshanensis.strain-HSLZ-75.fasta	Nicoliella_lavandulae_Es01.fasta	61.806311	1543	1756	824	0.499545	0.400000	0.500000
284667070	644597546	A_jinshanensis.strain-HSLZ-75.fasta	A_micheneri.strain-Hlig3.fasta	61.438149	1543	1477	751	0.497351	0.400000	0.500000
284667070	723955435	A_jinshanensis.strain-HSLZ-75.fasta	A_kunkeei.DSM-12361.fasta	61.009218	1543	1380	754	0.515908	0.400000	0.500000
284667070	679189795	A_jinshanensis.strain-HSLZ-75.fasta	A_ozensis.DSM-23829.fasta	61.319545	1543	1465	770	0.511968	0.400000	0.500000
284667070	771441227	A_jinshanensis.strain-HSLZ-75.fasta	F_florum.DSM-22689.fasta	57.842558	1543	1381	645	0.441176	0.400000	0.500000
284667070	569010969	A_jinshanensis.strain-HSLZ-75.fasta	L_kosoi.strain-NBRC-113063.fasta	61.443610	1543	1411	759	0.513879	0.400000	0.500000
284667070	284667070	A_jinshanensis.strain-HSLZ-75.fasta	A_jinshanensis.strain-HSLZ-75.fasta	100.000000	1543	1543	1539	0.997408	0.400000	0.500000
284667070	940568383	A_jinshanensis.strain-HSLZ-75.fasta	22_Melli_029.fasta	61.535167	1543	1706	809	0.497999	0.400000	0.500000
284667070	588494232	A_jinshanensis.strain-HSLZ-75.fasta	90_Scapto_barcode20.fasta	61.912158	1543	1325	695	0.484658	0.400000	0.500000
284667070	730450813	A_jinshanensis.strain-HSLZ-75.fasta	F_lindneri.DSM-20690.fasta	58.713047	1543	1478	686	0.454154	0.400000	0.500000
284667070	1027334324	A_jinshanensis.strain-HSLZ-75.fasta	A_jinshanensis.brasiliensis.fasta	87.060042	1543	1347	946	0.654671	0.400000	0.500000
284667070	808671099	A_jinshanensis.strain-HSLZ-75.fasta	A_quenuiae.strain-HV-6.fasta	61.358431	1543	1542	765	0.495948	0.400000	0.500000
284667070	768545654	A_jinshanensis.strain-HSLZ-75.fasta	92_Scapto_002.fasta	63.726738	1543	1178	705	0.518192	0.400000	0.500000
284667070	1036785887	A_jinshanensis.strain-HSLZ-75.fasta	23_Scapto_001.fasta	63.593847	1543	1248	707	0.506628	0.400000	0.500000
284667070	560967228	A_jinshanensis.strain-HSLZ-75.fasta	46_Melli_022.fasta	61.901144	1543	1520	699	0.456415	0.400000	0.500000
284667070	612612514	A_jinshanensis.strain-HSLZ-75.fasta	89_Scapto_002.fasta	63.873423	1543	1240	777	0.558390	0.400000	0.500000
284667070	820925739	A_jinshanensis.strain-HSLZ-75.fasta	90_Scapto_012.fasta	63.836551	1543	1289	777	0.548729	0.400000	0.500000
284667070	274891167	A_jinshanensis.strain-HSLZ-75.fasta	89_Scapto_001.fasta	63.551406	1543	1173	711	0.523564	0.400000	0.500000
284667070	1014861920	A_jinshanensis.strain-HSLZ-75.fasta	45_Melli_016.fasta	61.905143	1543	1659	700	0.437227	0.400000	0.500000
284667070	272623363	A_jinshanensis.strain-HSLZ-75.fasta	40_Melli_029.fasta	62.167231	1543	1544	679	0.439909	0.400000	0.500000
284667070	915029192	A_jinshanensis.strain-HSLZ-75.fasta	41_Melli_001.fasta	61.558272	1543	1673	810	0.503731	0.400000	0.500000
284667070	131356186	A_jinshanensis.strain-HSLZ-75.fasta	L_senioris.DSM-24302.fasta	59.123111	1543	1594	675	0.430347	0.400000	0.500000
940568383	573237050	22_Melli_029.fasta	A_jinshanensis.sub-aerogenes.fasta	61.563698	1706	1561	814	0.498316	0.400000	0.500000
940568383	824902336	22_Melli_029.fasta	F_fructivorans.strain-DSM-20203.fasta	63.078499	1706	1351	786	0.514230	0.400000	0.500000
940568383	75270993	22_Melli_029.fasta	92_Scapto_009.fasta	64.384512	1706	1202	820	0.563961	0.400000	0.500000
940568383	953307900	22_Melli_029.fasta	42_Melli_004.fasta	64.796303	1706	1163	852	0.593935	0.400000	0.500000
940568383	1052490636	22_Melli_029.fasta	39_Melli_barcode04.fasta	99.657162	1706	1664	1522	0.903264	0.400000	0.500000
940568383	324979511	22_Melli_029.fasta	40_Melli_barcode03.fasta	99.667923	1706	1789	1512	0.865236	0.400000	0.500000
940568383	762378046	22_Melli_029.fasta	47_Melli_001.fasta	99.717559	1706	1896	1606	0.891727	0.400000	0.500000
940568383	653875641	22_Melli_029.fasta	45_Melli_020.fasta	99.751736	1706	1843	1613	0.908988	0.400000	0.500000
940568383	135250698	22_Melli_029.fasta	F_sanfranciscensis.DSM-20451.fasta	61.726837	1706	1324	762	0.502970	0.400000	0.500000
940568383	12712425	22_Melli_029.fasta	51_Scapto_004.fasta	64.228563	1706	1296	870	0.579614	0.400000	0.500000
940568383	805176975	22_Melli_029.fasta	A_apinorum.strain-Fhon13.fasta	65.496039	1706	1335	934	0.614272	0.400000	0.500000
940568383	113627661	22_Melli_029.fasta	L_Lactobacillus.spSy-1.fasta	79.372367	1706	1734	1301	0.756395	0.400000	0.500000
940568383	552191896	22_Melli_029.fasta	A_timberlakei.strain-HV-12.fasta	65.661169	1706	1568	958	0.585217	0.400000	0.500000
940568383	958242321	22_Melli_029.fasta	Nicoliella_spurrieriana_SGEP1_A5.fasta	78.625230	1706	1700	1302	0.764533	0.400000	0.500000
940568383	110467787	22_Melli_029.fasta	Nicoliella_lavandulae_Es01.fasta	80.138258	1706	1756	1320	0.762565	0.400000	0.500000
940568383	644597546	22_Melli_029.fasta	A_micheneri.strain-Hlig3.fasta	66.082078	1706	1477	929	0.583726	0.400000	0.500000
940568383	723955435	22_Melli_029.fasta	A_kunkeei.DSM-12361.fasta	65.863177	1706	1380	960	0.622165	0.400000	0.500000
940568383	679189795	22_Melli_029.fasta	A_ozensis.DSM-23829.fasta	65.600321	1706	1465	934	0.589089	0.400000	0.500000
940568383	771441227	22_Melli_029.fasta	F_florum.DSM-22689.fasta	60.807181	1706	1381	745	0.482669	0.400000	0.500000
940568383	569010969	22_Melli_029.fasta	L_kosoi.strain-NBRC-113063.fasta	65.863694	1706	1411	942	0.604427	0.400000	0.500000
940568383	284667070	22_Melli_029.fasta	A_jinshanensis.strain-HSLZ-75.fasta	61.535167	1706	1543	809	0.497999	0.400000	0.500000
940568383	940568383	22_Melli_029.fasta	22_Melli_029.fasta	100.000000	1706	1706	1706	1.000000	0.400000	0.500000
940568383	588494232	22_Melli_029.fasta	90_Scapto_barcode20.fasta	89.827890	1706	1325	1038	0.684922	0.400000	0.500000
940568383	730450813	22_Melli_029.fasta	F_lindneri.DSM-20690.fasta	62.106965	1706	1478	804	0.505025	0.400000	0.500000
940568383	1027334324	22_Melli_029.fasta	A_jinshanensis.brasiliensis.fasta	63.753938	1706	1347	673	0.440878	0.400000	0.500000
940568383	808671099	22_Melli_029.fasta	A_quenuiae.strain-HV-6.fasta	65.624974	1706	1542	957	0.589286	0.400000	0.500000
940568383	768545654	22_Melli_029.fasta	92_Scapto_002.fasta	64.822375	1706	1178	838	0.581137	0.400000	0.500000
940568383	1036785887	22_Melli_029.fasta	23_Scapto_001.fasta	64.782881	1706	1248	847	0.573460	0.400000	0.500000
940568383	560967228	22_Melli_029.fasta	46_Melli_022.fasta	71.932107	1706	1520	992	0.615003	0.400000	0.500000
940568383	612612514	22_Melli_029.fasta	89_Scapto_002.fasta	64.234183	1706	1240	863	0.585879	0.400000	0.500000
940568383	820925739	22_Melli_029.fasta	90_Scapto_012.fasta	64.232599	1706	1289	862	0.575626	0.400000	0.500000
940568383	274891167	22_Melli_029.fasta	89_Scapto_001.fasta	64.778781	1706	1173	853	0.592567	0.400000	0.500000
940568383	1014861920	22_Melli_029.fasta	45_Melli_016.fasta	71.785492	1706	1659	996	0.591976	0.400000	0.500000
940568383	272623363	22_Melli_029.fasta	40_Melli_029.fasta	68.759913	1706	1544	923	0.568000	0.400000	0.500000
940568383	915029192	22_Melli_029.fasta	41_Melli_001.fasta	99.800384	1706	1673	1563	0.925126	0.400000	0.500000
940568383	131356186	22_Melli_029.fasta	L_senioris.DSM-24302.fasta	63.520472	1706	1594	784	0.475152	0.400000	0.500000
588494232	573237050	90_Scapto_barcode20.fasta	A_jinshanensis.sub-aerogenes.fasta	61.942225	1325	1561	701	0.485793	0.400000	0.500000
588494232	824902336	90_Scapto_barcode20.fasta	F_fructivorans.strain-DSM-20203.fasta	63.251847	1325	1351	704	0.526158	0.400000	0.500000
588494232	75270993	90_Scapto_barcode20.fasta	92_Scapto_009.fasta	64.575941	1325	1202	717	0.567471	0.400000	0.500000
588494232	953307900	90_Scapto_barcode20.fasta	42_Melli_004.fasta	65.061088	1325	1163	726	0.583601	0.400000	0.500000
588494232	1052490636	90_Scapto_barcode20.fasta	39_Melli_barcode04.fasta	89.783562	1325	1664	1019	0.681833	0.400000	0.500000
588494232	324979511	90_Scapto_barcode20.fasta	40_Melli_barcode03.fasta	89.718955	1325	1789	1005	0.645472	0.400000	0.500000
588494232	762378046	90_Scapto_barcode20.fasta	47_Melli_001.fasta	89.800048	1325	1896	1041	0.646383	0.400000	0.500000
588494232	653875641	90_Scapto_barcode20.fasta	45_Melli_020.fasta	89.823095	1325	1843	1037	0.654672	0.400000	0.500000
588494232	135250698	90_Scapto_barcode20.fasta	F_sanfranciscensis.DSM-20451.fasta	62.185141	1325	1324	673	0.508116	0.400000	0.500000
588494232	12712425	90_Scapto_barcode20.fasta	51_Scapto_004.fasta	64.425332	1325	1296	752	0.573827	0.400000	0.500000
588494232	805176975	90_Scapto_barcode20.fasta	A_apinorum.strain-Fhon13.fasta	65.839633	1325	1335	791	0.594737	0.400000	0.500000
588494232	113627661	90_Scapto_barcode20.fasta	L_Lactobacillus.spSy-1.fasta	79.480079	1325	1734	1009	0.659693	0.400000	0.500000
588494232	552191896	90_Scapto_barcode20.fasta	A_timberlakei.strain-HV-12.fasta	65.848531	1325	1568	817	0.564812	0.400000	0.500000
588494232	958242321	90_Scapto_barcode20.fasta	Nicoliella_spurrieriana_SGEP1_A5.fasta	79.034431	1325	1700	1002	0.662479	0.400000	0.500000
588494232	110467787	90_Scapto_barcode20.fasta	Nicoliella_lavandulae_Es01.fasta	80.646900	1325	1756	1016	0.659526	0.400000	0.500000
588494232	644597546	90_Scapto_barcode20.fasta	A_micheneri.strain-Hlig3.fasta	66.239710	1325	1477	792	0.565310	0.400000	0.500000
588494232	723955435	90_Scapto_barcode20.fasta	A_kunkeei.DSM-12361.fasta	65.635934	1325	1380	814	0.601848	0.400000	0.500000
588494232	679189795	90_Scapto_barcode20.fasta	A_ozensis.DSM-23829.fasta	65.858446	1325	1465	811	0.581362	0.400000	0.500000
588494232	771441227	90_Scapto_barcode20.fasta	F_florum.DSM-22689.fasta	61.050530	1325	1381	661	0.488544	0.400000	0.500000
588494232	569010969	90_Scapto_barcode20.fasta	L_kosoi.strain-NBRC-113063.fasta	66.189330	1325	1411	806	0.589181	0.400000	0.500000
588494232	284667070	90_Scapto_barcode20.fasta	A_jinshanensis.strain-HSLZ-75.fasta	61.912158	1325	1543	695	0.484658	0.400000	0.500000
588494232	940568383	90_Scapto_barcode20.fasta	22_Melli_029.fasta	89.827890	1325	1706	1038	0.684922	0.400000	0.500000
588494232	588494232	90_Scapto_barcode20.fasta	90_Scapto_barcode20.fasta	100.000000	1325	1325	1317	0.993962	0.400000	0.500000
588494232	730450813	90_Scapto_barcode20.fasta	F_lindneri.DSM-20690.fasta	62.312213	1325	1478	696	0.496611	0.400000	0.500000
588494232	1027334324	90_Scapto_barcode20.fasta	A_jinshanensis.brasiliensis.fasta	63.696435	1325	1347	589	0.440868	0.400000	0.500000
588494232	808671099	90_Scapto_barcode20.fasta	A_quenuiae.strain-HV-6.fasta	65.870099	1325	1542	811	0.565748	0.400000	0.500000
588494232	768545654	90_Scapto_barcode20.fasta	92_Scapto_002.fasta	65.082821	1325	1178	716	0.572113	0.400000	0.500000
588494232	1036785887	90_Scapto_barcode20.fasta	23_Scapto_001.fasta	64.967708	1325	1248	720	0.559658	0.400000	0.500000
588494232	560967228	90_Scapto_barcode20.fasta	46_Melli_022.fasta	69.632575	1325	1520	769	0.540598	0.400000	0.500000
588494232	612612514	90_Scapto_barcode20.fasta	89_Scapto_002.fasta	64.479640	1325	1240	749	0.584016	0.400000	0.500000
588494232	820925739	90_Scapto_barcode20.fasta	90_Scapto_012.fasta	64.415060	1325	1289	747	0.571538	0.400000	0.500000
588494232	274891167	90_Scapto_barcode20.fasta	89_Scapto_001.fasta	64.994178	1325	1173	730	0.584468	0.400000	0.500000
588494232	1014861920	90_Scapto_barcode20.fasta	45_Melli_016.fasta	69.606688	1325	1659	770	0.516086	0.400000	0.500000
588494232	272623363	90_Scapto_barcode20.fasta	40_Melli_029.fasta	68.802294	1325	1544	741	0.516556	0.400000	0.500000
588494232	915029192	90_Scapto_barcode20.fasta	41_Melli_001.fasta	89.931202	1325	1673	1040	0.693796	0.400000	0.500000
588494232	131356186	90_Scapto_barcode20.fasta	L_senioris.DSM-24302.fasta	64.006433	1325	1594	684	0.468654	0.400000	0.500000
730450813	573237050	F_lindneri.DSM-20690.fasta	A_jinshanensis.sub-aerogenes.fasta	58.657029	1478	1561	690	0.454097	0.400000	0.500000
730450813	824902336	F_lindneri.DSM-20690.fasta	F_fructivorans.strain-DSM-20203.fasta	69.035881	1478	1351	988	0.698480	0.400000	0.500000
730450813	75270993	F_lindneri.DSM-20690.fasta	92_Scapto_009.fasta	61.092803	1478	1202	660	0.492537	0.400000	0.500000
730450813	953307900	F_lindneri.DSM-20690.fasta	42_Melli_004.fasta	60.890368	1478	1163	680	0.514956	0.400000	0.500000
730450813	1052490636	F_lindneri.DSM-20690.fasta	39_Melli_barcode04.fasta	62.055101	1478	1664	794	0.505411	0.400000	0.500000
730450813	324979511	F_lindneri.DSM-20690.fasta	40_Melli_barcode03.fasta	62.168438	1478	1789	800	0.489746	0.400000	0.500000
730450813	762378046	F_lindneri.DSM-20690.fasta	47_Melli_001.fasta	62.158666	1478	1896	802	0.475400	0.400000	0.500000
730450813	653875641	F_lindneri.DSM-20690.fasta	45_Melli_020.fasta	62.051494	1478	1843	803	0.483589	0.400000	0.500000
730450813	135250698	F_lindneri.DSM-20690.fasta	F_sanfranciscensis.DSM-20451.fasta	75.274600	1478	1324	1000	0.713776	0.400000	0.500000
730450813	12712425	F_lindneri.DSM-20690.fasta	51_Scapto_004.fasta	61.019369	1478	1296	697	0.502523	0.400000	0.500000
730450813	805176975	F_lindneri.DSM-20690.fasta	A_apinorum.strain-Fhon13.fasta	61.786696	1478	1335	793	0.563811	0.400000	0.500000
730450813	113627661	F_lindneri.DSM-20690.fasta	L_Lactobacillus.spSy-1.fasta	61.953218	1478	1734	808	0.503113	0.400000	0.500000
730450813	552191896	F_lindneri.DSM-20690.fasta	A_timberlakei.strain-HV-12.fasta	62.041184	1478	1568	811	0.532502	0.400000	0.500000
730450813	958242321	F_lindneri.DSM-20690.fasta	Nicoliella_spurrieriana_SGEP1_A5.fasta	62.058032	1478	1700	803	0.505349	0.400000	0.500000
730450813	110467787	F_lindneri.DSM-20690.fasta	Nicoliella_lavandulae_Es01.fasta	62.260867	1478	1756	819	0.506494	0.400000	0.500000
730450813	644597546	F_lindneri.DSM-20690.fasta	A_micheneri.strain-Hlig3.fasta	62.194347	1478	1477	796	0.538748	0.400000	0.500000
730450813	723955435	F_lindneri.DSM-20690.fasta	A_kunkeei.DSM-12361.fasta	61.981511	1478	1380	814	0.569629	0.400000	0.500000
730450813	679189795	F_lindneri.DSM-20690.fasta	A_ozensis.DSM-23829.fasta	62.375345	1478	1465	797	0.541624	0.400000	0.500000
730450813	771441227	F_lindneri.DSM-20690.fasta	F_florum.DSM-22689.fasta	69.872782	1478	1381	1003	0.701644	0.400000	0.500000
730450813	569010969	F_lindneri.DSM-20690.fasta	L_kosoi.strain-NBRC-113063.fasta	62.225592	1478	1411	803	0.555902	0.400000	0.500000
730450813	284667070	F_lindneri.DSM-20690.fasta	A_jinshanensis.strain-HSLZ-75.fasta	58.713047	1478	1543	686	0.454154	0.400000	0.500000
730450813	940568383	F_lindneri.DSM-20690.fasta	22_Melli_029.fasta	62.106965	1478	1706	804	0.505025	0.400000	0.500000
730450813	588494232	F_lindneri.DSM-20690.fasta	90_Scapto_barcode20.fasta	62.312213	1478	1325	696	0.496611	0.400000	0.500000
730450813	730450813	F_lindneri.DSM-20690.fasta	F_lindneri.DSM-20690.fasta	100.000000	1478	1478	1478	1.000000	0.400000	0.500000
730450813	1027334324	F_lindneri.DSM-20690.fasta	A_jinshanensis.brasiliensis.fasta	60.412648	1478	1347	593	0.419823	0.400000	0.500000
730450813	808671099	F_lindneri.DSM-20690.fasta	A_quenuiae.strain-HV-6.fasta	61.934525	1478	1542	811	0.537086	0.400000	0.500000
730450813	768545654	F_lindneri.DSM-20690.fasta	92_Scapto_002.fasta	60.932910	1478	1178	670	0.504518	0.400000	0.500000
730450813	1036785887	F_lindneri.DSM-20690.fasta	23_Scapto_001.fasta	60.870802	1478	1248	673	0.493764	0.400000	0.500000
730450813	560967228	F_lindneri.DSM-20690.fasta	46_Melli_022.fasta	61.775109	1478	1520	691	0.460974	0.400000	0.500000
730450813	612612514	F_lindneri.DSM-20690.fasta	89_Scapto_002.fasta	61.033550	1478	1240	693	0.509934	0.400000	0.500000
730450813	820925739	F_lindneri.DSM-20690.fasta	90_Scapto_012.fasta	61.042692	1478	1289	691	0.499458	0.400000	0.500000
730450813	274891167	F_lindneri.DSM-20690.fasta	89_Scapto_001.fasta	60.897333	1478	1173	675	0.509242	0.400000	0.500000
730450813	1014861920	F_lindneri.DSM-20690.fasta	45_Melli_016.fasta	61.767101	1478	1659	690	0.439911	0.400000	0.500000
730450813	272623363	F_lindneri.DSM-20690.fasta	40_Melli_029.fasta	62.114032	1478	1544	677	0.448048	0.400000	0.500000
730450813	915029192	F_lindneri.DSM-20690.fasta	41_Melli_001.fasta	62.182422	1478	1673	805	0.510949	0.400000	0.500000
730450813	131356186	F_lindneri.DSM-20690.fasta	L_senioris.DSM-24302.fasta	61.842783	1478	1594	769	0.500651	0.400000	0.500000
1027334324	573237050	A_jinshanensis.brasiliensis.fasta	A_jinshanensis.sub-aerogenes.fasta	87.019048	1347	1561	945	0.649931	0.400000	0.500000
1027334324	824902336	A_jinshanensis.brasiliensis.fasta	F_fructivorans.strain-DSM-20203.fasta	61.383031	1347	1351	607	0.449963	0.400000	0.500000
1027334324	75270993	A_jinshanensis.brasiliensis.fasta	92_Scapto_009.fasta	66.185055	1347	1202	639	0.501373	0.400000	0.500000
1027334324	953307900	A_jinshanensis.brasiliensis.fasta	42_Melli_004.fasta	65.969506	1347	1163	587	0.467729	0.400000	0.500000
1027334324	1052490636	A_jinshanensis.brasiliensis.fasta	39_Melli_barcode04.fasta	63.737840	1347	1664	662	0.439721	0.400000	0.500000
1027334324	324979511	A_jinshanensis.brasiliensis.fasta	40_Melli_barcode03.fasta	63.614837	1347	1789	674	0.429847	0.400000	0.500000
1027334324	762378046	A_jinshanensis.brasiliensis.fasta	47_Melli_001.fasta	63.708815	1347	1896	675	0.416281	0.400000	0.500000
1027334324	653875641	A_jinshanensis.brasiliensis.fasta	45_Melli_020.fasta	63.671746	1347	1843	676	0.423824	0.400000	0.500000
1027334324	135250698	A_jinshanensis.brasiliensis.fasta	F_sanfranciscensis.DSM-20451.fasta	60.137500	1347	1324	580	0.434294	0.400000	0.500000
1027334324	12712425	A_jinshanensis.brasiliensis.fasta	51_Scapto_004.fasta	66.107196	1347	1296	674	0.510026	0.400000	0.500000
1027334324	805176975	A_jinshanensis.brasiliensis.fasta	A_apinorum.strain-Fhon13.fasta	62.359190	1347	1335	642	0.478747	0.400000	0.500000
1027334324	113627661	A_jinshanensis.brasiliensis.fasta	L_Lactobacillus.spSy-1.fasta	63.642429	1347	1734	667	0.432976	0.400000	0.500000
1027334324	552191896	A_jinshanensis.brasiliensis.fasta	A_timberlakei.strain-HV-12.fasta	62.827955	1347	1568	660	0.452830	0.400000	0.500000
1027334324	958242321	A_jinshanensis.brasiliensis.fasta	Nicoliella_spurrieriana_SGEP1_A5.fasta	63.342183	1347	1700	678	0.445028	0.400000	0.500000
1027334324	110467787	A_jinshanensis.brasiliensis.fasta	Nicoliella_lavandulae_Es01.fasta	63.755137	1347	1756	691	0.445375	0.400000	0.500000
1027334324	644597546	A_jinshanensis.brasiliensis.fasta	A_micheneri.strain-Hlig3.fasta	62.892609	1347	1477	663	0.469547	0.400000	0.500000
1027334324	723955435	A_jinshanensis.brasiliensis.fasta	A_kunkeei.DSM-12361.fasta	62.695176	1347	1380	653	0.478915	0.400000	0.500000
1027334324	679189795	A_jinshanensis.brasiliensis.fasta	A_ozensis.DSM-23829.fasta	63.088931	1347	1465	655	0.465861	0.400000	0.500000
1027334324	771441227	A_jinshanensis.brasiliensis.fasta	F_florum.DSM-22689.fasta	59.060946	1347	1381	571	0.418622	0.400000	0.500000
1027334324	569010969	A_jinshanensis.brasiliensis.fasta	L_kosoi.strain-NBRC-113063.fasta	62.909077	1347	1411	661	0.479333	0.400000	0.500000
1027334324	284667070	A_jinshanensis.brasiliensis.fasta	A_jinshanensis.strain-HSLZ-75.fasta	87.060042	1347	1543	946	0.654671	0.400000	0.500000
1027334324	940568383	A_jinshanensis.brasiliensis.fasta	22_Melli_029.fasta	63.753938	1347	1706	673	0.440878	0.400000	0.500000
1027334324	588494232	A_jinshanensis.brasiliensis.fasta	90_Scapto_barcode20.fasta	63.696435	1347	1325	589	0.440868	0.400000	0.500000
1027334324	730450813	A_jinshanensis.brasiliensis.fasta	F_lindneri.DSM-20690.fasta	60.412648	1347	1478	593	0.419823	0.400000	0.500000
1027334324	1027334324	A_jinshanensis.brasiliensis.fasta	A_jinshanensis.brasiliensis.fasta	100.000000	1347	1347	1344	0.997773	0.400000	0.500000
1027334324	808671099	A_jinshanensis.brasiliensis.fasta	A_quenuiae.strain-HV-6.fasta	62.891366	1347	1542	666	0.461059	0.400000	0.500000
1027334324	768545654	A_jinshanensis.brasiliensis.fasta	92_Scapto_002.fasta	65.899658	1347	1178	585	0.463366	0.400000	0.500000
1027334324	1036785887	A_jinshanensis.brasiliensis.fasta	23_Scapto_001.fasta	65.821527	1347	1248	583	0.449326	0.400000	0.500000
1027334324	560967228	A_jinshanensis.brasiliensis.fasta	46_Melli_022.fasta	63.640816	1347	1520	588	0.410185	0.400000	0.500000
1027334324	612612514	A_jinshanensis.brasiliensis.fasta	89_Scapto_002.fasta	66.087070	1347	1240	669	0.517201	0.400000	0.500000
1027334324	820925739	A_jinshanensis.brasiliensis.fasta	90_Scapto_012.fasta	66.080821	1347	1289	670	0.508346	0.400000	0.500000
1027334324	274891167	A_jinshanensis.brasiliensis.fasta	89_Scapto_001.fasta	65.816297	1347	1173	586	0.465079	0.400000	0.500000
1027334324	1014861920	A_jinshanensis.brasiliensis.fasta	45_Melli_016.fasta	63.553976	1347	1659	591	0.393214	0.400000	0.500000
1027334324	272623363	A_jinshanensis.brasiliensis.fasta	40_Melli_029.fasta	63.755314	1347	1544	574	0.397094	0.400000	0.500000
1027334324	915029192	A_jinshanensis.brasiliensis.fasta	41_Melli_001.fasta	63.676588	1347	1673	677	0.448344	0.400000	0.500000
1027334324	131356186	A_jinshanensis.brasiliensis.fasta	L_senioris.DSM-24302.fasta	60.739597	1347	1594	596	0.405304	0.400000	0.500000
808671099	573237050	A_quenuiae.strain-HV-6.fasta	A_jinshanensis.sub-aerogenes.fasta	61.365755	1542	1561	768	0.495005	0.400000	0.500000
808671099	824902336	A_quenuiae.strain-HV-6.fasta	F_fructivorans.strain-DSM-20203.fasta	63.257368	1542	1351	794	0.548911	0.400000	0.500000
808671099	75270993	A_quenuiae.strain-HV-6.fasta	92_Scapto_009.fasta	64.509335	1542	1202	782	0.569971	0.400000	0.500000
808671099	953307900	A_quenuiae.strain-HV-6.fasta	42_Melli_004.fasta	64.658744	1542	1163	772	0.570795	0.400000	0.500000
808671099	1052490636	A_quenuiae.strain-HV-6.fasta	39_Melli_barcode04.fasta	65.699735	1542	1664	945	0.589520	0.400000	0.500000
808671099	324979511	A_quenuiae.strain-HV-6.fasta	40_Melli_barcode03.fasta	65.660146	1542	1789	956	0.574002	0.400000	0.500000
808671099	762378046	A_quenuiae.strain-HV-6.fasta	47_Melli_001.fasta	65.655016	1542	1896	957	0.556719	0.400000	0.500000
808671099	653875641	A_quenuiae.strain-HV-6.fasta	45_Melli_020.fasta	65.616649	1542	1843	955	0.564254	0.400000	0.500000
808671099	135250698	A_quenuiae.strain-HV-6.fasta	F_sanfranciscensis.DSM-20451.fasta	61.844394	1542	1324	767	0.535241	0.400000	0.500000
808671099	12712425	A_quenuiae.strain-HV-6.fasta	51_Scapto_004.fasta	64.323490	1542	1296	828	0.583510	0.400000	0.500000
808671099	805176975	A_quenuiae.strain-HV-6.fasta	A_apinorum.strain-Fhon13.fasta	73.302555	1542	1335	1037	0.720890	0.400000	0.500000
808671099	113627661	A_quenuiae.strain-HV-6.fasta	L_Lactobacillus.spSy-1.fasta	65.499533	1542	1734	964	0.588523	0.400000	0.500000
808671099	552191896	A_quenuiae.strain-HV-6.fasta	A_timberlakei.strain-HV-12.fasta	90.504336	1542	1568	1257	0.808360	0.400000	0.500000
808671099	958242321	A_quenuiae.strain-HV-6.fasta	Nicoliella_spurrieriana_SGEP1_A5.fasta	65.566563	1542	1700	969	0.597779	0.400000	0.500000
808671099	110467787	A_quenuiae.strain-HV-6.fasta	Nicoliella_lavandulae_Es01.fasta	65.859613	1542	1756	983	0.596119	0.400000	0.500000
808671099	644597546	A_quenuiae.strain-HV-6.fasta	A_micheneri.strain-Hlig3.fasta	90.199595	1542	1477	1236	0.818814	0.400000	0.500000
808671099	723955435	A_quenuiae.strain-HV-6.fasta	A_kunkeei.DSM-12361.fasta	73.640365	1542	1380	1069	0.731691	0.400000	0.500000
808671099	679189795	A_quenuiae.strain-HV-6.fasta	A_ozensis.DSM-23829.fasta	69.382150	1542	1465	1028	0.683738	0.400000	0.500000
808671099	771441227	A_quenuiae.strain-HV-6.fasta	F_florum.DSM-22689.fasta	60.699327	1542	1381	743	0.508382	0.400000	0.500000
808671099	569010969	A_quenuiae.strain-HV-6.fasta	L_kosoi.strain-NBRC-113063.fasta	90.465820	1542	1411	1220	0.826278	0.400000	0.500000
808671099	284667070	A_quenuiae.strain-HV-6.fasta	A_jinshanensis.strain-HSLZ-75.fasta	61.358431	1542	1543	765	0.495948	0.400000	0.500000
808671099	940568383	A_quenuiae.strain-HV-6.fasta	22_Melli_029.fasta	65.624974	1542	1706	957	0.589286	0.400000	0.500000
808671099	588494232	A_quenuiae.strain-HV-6.fasta	90_Scapto_barcode20.fasta	65.870099	1542	1325	811	0.565748	0.400000	0.500000
808671099	730450813	A_quenuiae.strain-HV-6.fasta	F_lindneri.DSM-20690.fasta	61.934525	1542	1478	811	0.537086	0.400000	0.500000
808671099	1027334324	A_quenuiae.strain-HV-6.fasta	A_jinshanensis.brasiliensis.fasta	62.891366	1542	1347	666	0.461059	0.400000	0.500000
808671099	808671099	A_quenuiae.strain-HV-6.fasta	A_quenuiae.strain-HV-6.fasta	100.000000	1542	1542	1542	1.000000	0.400000	0.500000
808671099	768545654	A_quenuiae.strain-HV-6.fasta	92_Scapto_002.fasta	64.603961	1542	1178	770	0.566176	0.400000	0.500000
808671099	1036785887	A_quenuiae.strain-HV-6.fasta	23_Scapto_001.fasta	64.574086	1542	1248	766	0.549104	0.400000	0.500000
808671099	560967228	A_quenuiae.strain-HV-6.fasta	46_Melli_022.fasta	65.077366	1542	1520	782	0.510777	0.400000	0.500000
808671099	612612514	A_quenuiae.strain-HV-6.fasta	89_Scapto_002.fasta	64.329733	1542	1240	824	0.592380	0.400000	0.500000
808671099	820925739	A_quenuiae.strain-HV-6.fasta	90_Scapto_012.fasta	64.330158	1542	1289	824	0.582126	0.400000	0.500000
808671099	274891167	A_quenuiae.strain-HV-6.fasta	89_Scapto_001.fasta	64.527432	1542	1173	771	0.567956	0.400000	0.500000
808671099	1014861920	A_quenuiae.strain-HV-6.fasta	45_Melli_016.fasta	65.041826	1542	1659	783	0.489222	0.400000	0.500000
808671099	272623363	A_quenuiae.strain-HV-6.fasta	40_Melli_029.fasta	65.321438	1542	1544	758	0.491251	0.400000	0.500000
808671099	915029192	A_quenuiae.strain-HV-6.fasta	41_Melli_001.fasta	65.641841	1542	1673	956	0.594712	0.400000	0.500000
808671099	131356186	A_quenuiae.strain-HV-6.fasta	L_senioris.DSM-24302.fasta	63.317136	1542	1594	782	0.498724	0.400000	0.500000
768545654	573237050	92_Scapto_002.fasta	A_jinshanensis.sub-aerogenes.fasta	63.684225	1178	1561	710	0.518437	0.400000	0.500000
768545654	824902336	92_Scapto_002.fasta	F_fructivorans.strain-DSM-20203.fasta	62.363538	1178	1351	650	0.514037	0.400000	0.500000
768545654	75270993	92_Scapto_002.fasta	92_Scapto_009.fasta	79.314828	1178	1202	816	0.685714	0.400000	0.500000
768545654	953307900	92_Scapto_002.fasta	42_Melli_004.fasta	99.267465	1178	1163	1085	0.926954	0.400000	0.500000
768545654	1052490636	92_Scapto_002.fasta	39_Melli_barcode04.fasta	64.822524	1178	1664	828	0.582688	0.400000	0.500000
768545654	324979511	92_Scapto_002.fasta	40_Melli_barcode03.fasta	64.721241	1178	1789	838	0.564880	0.400000	0.500000
768545654	762378046	92_Scapto_002.fasta	47_Melli_001.fasta	64.874524	1178	1896	840	0.546519	0.400000	0.500000
768545654	653875641	92_Scapto_002.fasta	45_Melli_020.fasta	64.840456	1178	1843	833	0.551473	0.400000	0.500000
768545654	135250698	92_Scapto_002.fasta	F_sanfranciscensis.DSM-20451.fasta	60.640732	1178	1324	642	0.513189	0.400000	0.500000
768545654	12712425	92_Scapto_002.fasta	51_Scapto_004.fasta	79.428932	1178	1296	871	0.704123	0.400000	0.500000
768545654	805176975	92_Scapto_002.fasta	A_apinorum.strain-Fhon13.fasta	64.073541	1178	1335	737	0.586550	0.400000	0.500000
768545654	113627661	92_Scapto_002.fasta	L_Lactobacillus.spSy-1.fasta	64.640204	1178	1734	832	0.571429	0.400000	0.500000
768545654	552191896	92_Scapto_002.fasta	A_timberlakei.strain-HV-12.fasta	64.718774	1178	1568	767	0.558631	0.400000	0.500000
768545654	958242321	92_Scapto_002.fasta	Nicoliella_spurrieriana_SGEP1_A5.fasta	64.480889	1178	1700	832	0.578179	0.400000	0.500000
768545654	110467787	92_Scapto_002.fasta	Nicoliella_lavandulae_Es01.fasta	65.045471	1178	1756	850	0.579414	0.400000	0.500000
768545654	644597546	92_Scapto_002.fasta	A_micheneri.strain-Hlig3.fasta	64.864834	1178	1477	755	0.568738	0.400000	0.500000
768545654	723955435	92_Scapto_002.fasta	A_kunkeei.DSM-12361.fasta	64.109830	1178	1380	763	0.596560	0.400000	0.500000
768545654	679189795	92_Scapto_002.fasta	A_ozensis.DSM-23829.fasta	64.532738	1178	1465	756	0.572077	0.400000	0.500000
768545654	771441227	92_Scapto_002.fasta	F_florum.DSM-22689.fasta	59.930291	1178	1381	619	0.483783	0.400000	0.500000
768545654	569010969	92_Scapto_002.fasta	L_kosoi.strain-NBRC-113063.fasta	64.701098	1178	1411	774	0.597914	0.400000	0.500000
768545654	284667070	92_Scapto_002.fasta	A_jinshanensis.strain-HSLZ-75.fasta	63.726738	1178	1543	705	0.518192	0.400000	0.500000
768545654	940568383	92_Scapto_002.fasta	22_Melli_029.fasta	64.822375	1178	1706	838	0.581137	0.400000	0.500000
768545654	588494232	92_Scapto_002.fasta	90_Scapto_barcode20.fasta	65.082821	1178	1325	716	0.572113	0.400000	0.500000
768545654	730450813	92_Scapto_002.fasta	F_lindneri.DSM-20690.fasta	60.932910	1178	1478	670	0.504518	0.400000	0.500000
768545654	1027334324	92_Scapto_002.fasta	A_jinshanensis.brasiliensis.fasta	65.899658	1178	1347	585	0.463366	0.400000	0.500000
768545654	808671099	92_Scapto_002.fasta	A_quenuiae.strain-HV-6.fasta	64.603961	1178	1542	770	0.566176	0.400000	0.500000
768545654	768545654	92_Scapto_002.fasta	92_Scapto_002.fasta	100.000000	1178	1178	1178	1.000000	0.400000	0.500000
768545654	1036785887	92_Scapto_002.fasta	23_Scapto_001.fasta	99.540430	1178	1248	1092	0.900247	0.400000	0.500000
768545654	560967228	92_Scapto_002.fasta	46_Melli_022.fasta	64.602219	1178	1520	676	0.501112	0.400000	0.500000
768545654	612612514	92_Scapto_002.fasta	89_Scapto_002.fasta	79.353530	1178	1240	864	0.714640	0.400000	0.500000
768545654	820925739	92_Scapto_002.fasta	90_Scapto_012.fasta	79.230440	1178	1289	864	0.700446	0.400000	0.500000
768545654	274891167	92_Scapto_002.fasta	89_Scapto_001.fasta	99.566787	1178	1173	1108	0.942578	0.400000	0.500000
768545654	1014861920	92_Scapto_002.fasta	45_Melli_016.fasta	64.618907	1178	1659	677	0.477265	0.400000	0.500000
768545654	272623363	92_Scapto_002.fasta	40_Melli_029.fasta	64.836454	1178	1544	657	0.482733	0.400000	0.500000
768545654	915029192	92_Scapto_002.fasta	41_Melli_001.fasta	64.882796	1178	1673	837	0.587162	0.400000	0.500000
768545654	131356186	92_Scapto_002.fasta	L_senioris.DSM-24302.fasta	61.854923	1178	1594	650	0.468975	0.400000	0.500000
1036785887	573237050	23_Scapto_001.fasta	A_jinshanensis.sub-aerogenes.fasta	63.545576	1248	1561	712	0.506942	0.400000	0.500000
1036785887	824902336	23_Scapto_001.fasta	F_fructivorans.strain-DSM-20203.fasta	62.397077	1248	1351	650	0.500192	0.400000	0.500000
1036785887	75270993	23_Scapto_001.fasta	92_Scapto_009.fasta	79.378110	1248	1202	820	0.669388	0.400000	0.500000
1036785887	953307900	23_Scapto_001.fasta	42_Melli_004.fasta	99.205566	1248	1163	1096	0.909166	0.400000	0.500000
1036785887	1052490636	23_Scapto_001.fasta	39_Melli_barcode04.fasta	64.782198	1248	1664	837	0.574863	0.400000	0.500000
1036785887	324979511	23_Scapto_001.fasta	40_Melli_barcode03.fasta	64.684279	1248	1789	846	0.557129	0.400000	0.500000
1036785887	762378046	23_Scapto_001.fasta	47_Melli_001.fasta	64.793059	1248	1896	850	0.540712	0.400000	0.500000
1036785887	653875641	23_Scapto_001.fasta	45_Melli_020.fasta	64.731346	1248	1843	847	0.548043	0.400000	0.500000
1036785887	135250698	23_Scapto_001.fasta	F_sanfranciscensis.DSM-20451.fasta	60.596009	1248	1324	639	0.496890	0.400000	0.500000
1036785887	12712425	23_Scapto_001.fasta	51_Scapto_004.fasta	79.513870	1248	1296	876	0.688679	0.400000	0.500000
1036785887	805176975	23_Scapto_001.fasta	A_apinorum.strain-Fhon13.fasta	63.951832	1248	1335	737	0.570654	0.400000	0.500000
1036785887	113627661	23_Scapto_001.fasta	L_Lactobacillus.spSy-1.fasta	64.624613	1248	1734	839	0.562710	0.400000	0.500000
1036785887	552191896	23_Scapto_001.fasta	A_timberlakei.strain-HV-12.fasta	64.605476	1248	1568	767	0.544744	0.400000	0.500000
1036785887	958242321	23_Scapto_001.fasta	Nicoliella_spurrieriana_SGEP1_A5.fasta	64.459345	1248	1700	840	0.569878	0.400000	0.500000
1036785887	110467787	23_Scapto_001.fasta	Nicoliella_lavandulae_Es01.fasta	64.986173	1248	1756	857	0.570573	0.400000	0.500000
1036785887	644597546	23_Scapto_001.fasta	A_micheneri.strain-Hlig3.fasta	64.862317	1248	1477	751	0.551193	0.400000	0.500000
1036785887	723955435	23_Scapto_001.fasta	A_kunkeei.DSM-12361.fasta	64.089829	1248	1380	762	0.579909	0.400000	0.500000
1036785887	679189795	23_Scapto_001.fasta	A_ozensis.DSM-23829.fasta	64.428958	1248	1465	758	0.558791	0.400000	0.500000
1036785887	771441227	23_Scapto_001.fasta	F_florum.DSM-22689.fasta	60.044959	1248	1381	615	0.467859	0.400000	0.500000
1036785887	569010969	23_Scapto_001.fasta	L_kosoi.strain-NBRC-113063.fasta	64.636399	1248	1411	772	0.580669	0.400000	0.500000
1036785887	284667070	23_Scapto_001.fasta	A_jinshanensis.strain-HSLZ-75.fasta	63.593847	1248	1543	707	0.506628	0.400000	0.500000
1036785887	940568383	23_Scapto_001.fasta	22_Melli_029.fasta	64.782881	1248	1706	847	0.573460	0.400000	0.500000
1036785887	588494232	23_Scapto_001.fasta	90_Scapto_barcode20.fasta	64.967708	1248	1325	720	0.559658	0.400000	0.500000
1036785887	730450813	23_Scapto_001.fasta	F_lindneri.DSM-20690.fasta	60.870802	1248	1478	673	0.493764	0.400000	0.500000
1036785887	1027334324	23_Scapto_001.fasta	A_jinshanensis.brasiliensis.fasta	65.821527	1248	1347	583	0.449326	0.400000	0.500000
1036785887	808671099	23_Scapto_001.fasta	A_quenuiae.strain-HV-6.fasta	64.574086	1248	1542	766	0.549104	0.400000	0.500000
1036785887	768545654	23_Scapto_001.fasta	92_Scapto_002.fasta	99.537351	1248	1178	1091	0.899423	0.400000	0.500000
1036785887	1036785887	23_Scapto_001.fasta	23_Scapto_001.fasta	100.000000	1248	1248	1246	0.998397	0.400000	0.500000
1036785887	560967228	23_Scapto_001.fasta	46_Melli_022.fasta	64.568630	1248	1520	679	0.490607	0.400000	0.500000
1036785887	612612514	23_Scapto_001.fasta	89_Scapto_002.fasta	79.360277	1248	1240	866	0.696141	0.400000	0.500000
1036785887	820925739	23_Scapto_001.fasta	90_Scapto_012.fasta	79.360563	1248	1289	871	0.686638	0.400000	0.500000
1036785887	274891167	23_Scapto_001.fasta	89_Scapto_001.fasta	99.649110	1248	1173	1123	0.927716	0.400000	0.500000
1036785887	1014861920	23_Scapto_001.fasta	45_Melli_016.fasta	64.557879	1248	1659	679	0.467148	0.400000	0.500000
1036785887	272623363	23_Scapto_001.fasta	40_Melli_029.fasta	64.749772	1248	1544	657	0.470630	0.400000	0.500000
1036785887	915029192	23_Scapto_001.fasta	41_Melli_001.fasta	64.795632	1248	1673	847	0.579938	0.400000	0.500000
1036785887	131356186	23_Scapto_001.fasta	L_senioris.DSM-24302.fasta	61.875348	1248	1594	647	0.455313	0.400000	0.500000
560967228	573237050	46_Melli_022.fasta	A_jinshanensis.sub-aerogenes.fasta	61.942330	1520	1561	704	0.456994	0.400000	0.500000
560967228	824902336	46_Melli_022.fasta	F_fructivorans.strain-DSM-20203.fasta	62.866035	1520	1351	686	0.477882	0.400000	0.500000
560967228	75270993	46_Melli_022.fasta	92_Scapto_009.fasta	64.259670	1520	1202	698	0.512858	0.400000	0.500000
560967228	953307900	46_Melli_022.fasta	42_Melli_004.fasta	64.500291	1520	1163	687	0.512113	0.400000	0.500000
560967228	1052490636	46_Melli_022.fasta	39_Melli_barcode04.fasta	72.056855	1520	1664	992	0.623116	0.400000	0.500000
560967228	324979511	46_Melli_022.fasta	40_Melli_barcode03.fasta	72.009849	1520	1789	995	0.601390	0.400000	0.500000
560967228	762378046	46_Melli_022.fasta	47_Melli_001.fasta	71.911523	1520	1896	998	0.584309	0.400000	0.500000
560967228	653875641	46_Melli_022.fasta	45_Melli_020.fasta	72.003704	1520	1843	999	0.594112	0.400000	0.500000
560967228	135250698	46_Melli_022.fasta	F_sanfranciscensis.DSM-20451.fasta	61.789865	1520	1324	666	0.468354	0.400000	0.500000
560967228	12712425	46_Melli_022.fasta	51_Scapto_004.fasta	64.209458	1520	1296	719	0.510653	0.400000	0.500000
560967228	805176975	46_Melli_022.fasta	A_apinorum.strain-Fhon13.fasta	64.855777	1520	1335	779	0.545709	0.400000	0.500000
560967228	113627661	46_Melli_022.fasta	L_Lactobacillus.spSy-1.fasta	68.758351	1520	1734	946	0.581438	0.400000	0.500000
560967228	552191896	46_Melli_022.fasta	A_timberlakei.strain-HV-12.fasta	64.977806	1520	1568	775	0.501943	0.400000	0.500000
560967228	958242321	46_Melli_022.fasta	Nicoliella_spurrieriana_SGEP1_A5.fasta	68.762618	1520	1700	955	0.593168	0.400000	0.500000
560967228	110467787	46_Melli_022.fasta	Nicoliella_lavandulae_Es01.fasta	69.194756	1520	1756	963	0.587912	0.400000	0.500000
560967228	644597546	46_Melli_022.fasta	A_micheneri.strain-Hlig3.fasta	65.160901	1520	1477	766	0.511178	0.400000	0.500000
560967228	723955435	46_Melli_022.fasta	A_kunkeei.DSM-12361.fasta	65.079597	1520	1380	794	0.547586	0.400000	0.500000
560967228	679189795	46_Melli_022.fasta	A_ozensis.DSM-23829.fasta	64.993503	1520	1465	785	0.525963	0.400000	0.500000
560967228	771441227	46_Melli_022.fasta	F_florum.DSM-22689.fasta	60.331967	1520	1381	671	0.462599	0.400000	0.500000
560967228	569010969	46_Melli_022.fasta	L_kosoi.strain-NBRC-113063.fasta	65.053273	1520	1411	779	0.531559	0.400000	0.500000
560967228	284667070	46_Melli_022.fasta	A_jinshanensis.strain-HSLZ-75.fasta	61.901144	1520	1543	699	0.456415	0.400000	0.500000
560967228	940568383	46_Melli_022.fasta	22_Melli_029.fasta	71.920000	1520	1706	990	0.613763	0.400000	0.500000
560967228	588494232	46_Melli_022.fasta	90_Scapto_barcode20.fasta	69.632575	1520	1325	769	0.540598	0.400000	0.500000
560967228	730450813	46_Melli_022.fasta	F_lindneri.DSM-20690.fasta	61.775109	1520	1478	691	0.460974	0.400000	0.500000
560967228	1027334324	46_Melli_022.fasta	A_jinshanensis.brasiliensis.fasta	63.640816	1520	1347	588	0.410185	0.400000	0.500000
560967228	808671099	46_Melli_022.fasta	A_quenuiae.strain-HV-6.fasta	65.077366	1520	1542	782	0.510777	0.400000	0.500000
560967228	768545654	46_Melli_022.fasta	92_Scapto_002.fasta	64.602219	1520	1178	676	0.501112	0.400000	0.500000
560967228	1036785887	46_Melli_022.fasta	23_Scapto_001.fasta	64.568630	1520	1248	679	0.490607	0.400000	0.500000
560967228	560967228	46_Melli_022.fasta	46_Melli_022.fasta	100.000000	1520	1520	1515	0.996711	0.400000	0.500000
560967228	612612514	46_Melli_022.fasta	89_Scapto_002.fasta	64.305267	1520	1240	712	0.515942	0.400000	0.500000
560967228	820925739	46_Melli_022.fasta	90_Scapto_012.fasta	64.296273	1520	1289	711	0.506230	0.400000	0.500000
560967228	274891167	46_Melli_022.fasta	89_Scapto_001.fasta	64.522263	1520	1173	685	0.508726	0.400000	0.500000
560967228	1014861920	46_Melli_022.fasta	45_Melli_016.fasta	99.931103	1520	1659	1450	0.912237	0.400000	0.500000
560967228	272623363	46_Melli_022.fasta	40_Melli_029.fasta	99.661886	1520	1544	1241	0.810052	0.400000	0.500000
560967228	915029192	46_Melli_022.fasta	41_Melli_001.fasta	71.914322	1520	1673	995	0.623238	0.400000	0.500000
560967228	131356186	46_Melli_022.fasta	L_senioris.DSM-24302.fasta	62.836827	1520	1594	687	0.441233	0.400000	0.500000
612612514	573237050	89_Scapto_002.fasta	A_jinshanensis.sub-aerogenes.fasta	63.849038	1240	1561	780	0.556944	0.400000	0.500000
612612514	824902336	89_Scapto_002.fasta	F_fructivorans.strain-DSM-20203.fasta	62.214245	1240	1351	702	0.541876	0.400000	0.500000
612612514	75270993	89_Scapto_002.fasta	92_Scapto_009.fasta	99.746080	1240	1202	1046	0.856675	0.400000	0.500000
612612514	953307900	89_Scapto_002.fasta	42_Melli_004.fasta	79.280699	1240	1163	873	0.726592	0.400000	0.500000
612612514	1052490636	89_Scapto_002.fasta	39_Melli_barcode04.fasta	64.260542	1240	1664	849	0.584711	0.400000	0.500000
612612514	324979511	89_Scapto_002.fasta	40_Melli_barcode03.fasta	64.310023	1240	1789	858	0.566524	0.400000	0.500000
612612514	762378046	89_Scapto_002.fasta	47_Melli_001.fasta	64.261356	1240	1896	863	0.550383	0.400000	0.500000
612612514	653875641	89_Scapto_002.fasta	45_Melli_020.fasta	64.264651	1240	1843	860	0.557898	0.400000	0.500000
612612514	135250698	89_Scapto_002.fasta	F_sanfranciscensis.DSM-20451.fasta	60.440616	1240	1324	682	0.531981	0.400000	0.500000
612612514	12712425	89_Scapto_002.fasta	51_Scapto_004.fasta	99.787715	1240	1296	1164	0.917981	0.400000	0.500000
612612514	805176975	89_Scapto_002.fasta	A_apinorum.strain-Fhon13.fasta	63.456407	1240	1335	796	0.618252	0.400000	0.500000
612612514	113627661	89_Scapto_002.fasta	L_Lactobacillus.spSy-1.fasta	64.083274	1240	1734	849	0.570948	0.400000	0.500000
612612514	552191896	89_Scapto_002.fasta	A_timberlakei.strain-HV-12.fasta	64.506341	1240	1568	820	0.584046	0.400000	0.500000
612612514	958242321	89_Scapto_002.fasta	Nicoliella_spurrieriana_SGEP1_A5.fasta	64.236164	1240	1700	842	0.572789	0.400000	0.500000
612612514	110467787	89_Scapto_002.fasta	Nicoliella_lavandulae_Es01.fasta	64.482743	1240	1756	875	0.584112	0.400000	0.500000
612612514	644597546	89_Scapto_002.fasta	A_micheneri.strain-Hlig3.fasta	64.694245	1240	1477	808	0.594774	0.400000	0.500000
612612514	723955435	89_Scapto_002.fasta	A_kunkeei.DSM-12361.fasta	63.845926	1240	1380	810	0.618321	0.400000	0.500000
612612514	679189795	89_Scapto_002.fasta	A_ozensis.DSM-23829.fasta	64.337302	1240	1465	819	0.605545	0.400000	0.500000
612612514	771441227	89_Scapto_002.fasta	F_florum.DSM-22689.fasta	59.517025	1240	1381	652	0.497520	0.400000	0.500000
612612514	569010969	89_Scapto_002.fasta	L_kosoi.strain-NBRC-113063.fasta	64.419137	1240	1411	823	0.620898	0.400000	0.500000
612612514	284667070	89_Scapto_002.fasta	A_jinshanensis.strain-HSLZ-75.fasta	63.873423	1240	1543	777	0.558390	0.400000	0.500000
612612514	940568383	89_Scapto_002.fasta	22_Melli_029.fasta	64.234183	1240	1706	863	0.585879	0.400000	0.500000
612612514	588494232	89_Scapto_002.fasta	90_Scapto_barcode20.fasta	64.479640	1240	1325	749	0.584016	0.400000	0.500000
612612514	730450813	89_Scapto_002.fasta	F_lindneri.DSM-20690.fasta	61.033550	1240	1478	693	0.509934	0.400000	0.500000
612612514	1027334324	89_Scapto_002.fasta	A_jinshanensis.brasiliensis.fasta	66.087070	1240	1347	669	0.517201	0.400000	0.500000
612612514	808671099	89_Scapto_002.fasta	A_quenuiae.strain-HV-6.fasta	64.329733	1240	1542	824	0.592380	0.400000	0.500000
612612514	768545654	89_Scapto_002.fasta	92_Scapto_002.fasta	79.353530	1240	1178	864	0.714640	0.400000	0.500000
612612514	1036785887	89_Scapto_002.fasta	23_Scapto_001.fasta	79.360277	1240	1248	866	0.696141	0.400000	0.500000
612612514	560967228	89_Scapto_002.fasta	46_Melli_022.fasta	64.279453	1240	1520	713	0.516667	0.400000	0.500000
612612514	612612514	89_Scapto_002.fasta	89_Scapto_002.fasta	100.000000	1240	1240	1240	1.000000	0.400000	0.500000
612612514	820925739	89_Scapto_002.fasta	90_Scapto_012.fasta	99.822474	1240	1289	1148	0.907869	0.400000	0.500000
612612514	274891167	89_Scapto_002.fasta	89_Scapto_001.fasta	79.247420	1240	1173	872	0.722752	0.400000	0.500000
612612514	1014861920	89_Scapto_002.fasta	45_Melli_016.fasta	64.277349	1240	1659	713	0.491894	0.400000	0.500000
612612514	272623363	89_Scapto_002.fasta	40_Melli_029.fasta	64.522055	1240	1544	696	0.500000	0.400000	0.500000
612612514	915029192	89_Scapto_002.fasta	41_Melli_001.fasta	64.317477	1240	1673	864	0.593203	0.400000	0.500000
612612514	131356186	89_Scapto_002.fasta	L_senioris.DSM-24302.fasta	61.454705	1240	1594	712	0.502470	0.400000	0.500000
820925739	573237050	90_Scapto_012.fasta	A_jinshanensis.sub-aerogenes.fasta	63.811346	1289	1561	780	0.547368	0.400000	0.500000
820925739	824902336	90_Scapto_012.fasta	F_fructivorans.strain-DSM-20203.fasta	62.224143	1289	1351	700	0.530303	0.400000	0.500000
820925739	75270993	90_Scapto_012.fasta	92_Scapto_009.fasta	99.774529	1289	1202	1062	0.852670	0.400000	0.500000
820925739	953307900	90_Scapto_012.fasta	42_Melli_004.fasta	79.229157	1289	1163	878	0.716150	0.400000	0.500000
820925739	1052490636	90_Scapto_012.fasta	39_Melli_barcode04.fasta	64.283687	1289	1664	849	0.575008	0.400000	0.500000
820925739	324979511	90_Scapto_012.fasta	40_Melli_barcode03.fasta	64.303151	1289	1789	857	0.556855	0.400000	0.500000
820925739	762378046	90_Scapto_012.fasta	47_Melli_001.fasta	64.290999	1289	1896	861	0.540659	0.400000	0.500000
820925739	653875641	90_Scapto_012.fasta	45_Melli_020.fasta	64.254307	1289	1843	859	0.548531	0.400000	0.500000
820925739	135250698	90_Scapto_012.fasta	F_sanfranciscensis.DSM-20451.fasta	60.493897	1289	1324	680	0.520475	0.400000	0.500000
820925739	12712425	90_Scapto_012.fasta	51_Scapto_004.fasta	99.692985	1289	1296	1176	0.909865	0.400000	0.500000
820925739	805176975	90_Scapto_012.fasta	A_apinorum.strain-Fhon13.fasta	63.488113	1289	1335	795	0.605945	0.400000	0.500000
820925739	113627661	90_Scapto_012.fasta	L_Lactobacillus.spSy-1.fasta	64.048472	1289	1734	851	0.563017	0.400000	0.500000
820925739	552191896	90_Scapto_012.fasta	A_timberlakei.strain-HV-12.fasta	64.501095	1289	1568	822	0.575429	0.400000	0.500000
820925739	958242321	90_Scapto_012.fasta	Nicoliella_spurrieriana_SGEP1_A5.fasta	64.217616	1289	1700	843	0.564068	0.400000	0.500000
820925739	110467787	90_Scapto_012.fasta	Nicoliella_lavandulae_Es01.fasta	64.471396	1289	1756	874	0.574056	0.400000	0.500000
820925739	644597546	90_Scapto_012.fasta	A_micheneri.strain-Hlig3.fasta	64.602276	1289	1477	813	0.587852	0.400000	0.500000
820925739	723955435	90_Scapto_012.fasta	A_kunkeei.DSM-12361.fasta	63.819431	1289	1380	808	0.605470	0.400000	0.500000
820925739	679189795	90_Scapto_012.fasta	A_ozensis.DSM-23829.fasta	64.393773	1289	1465	819	0.594771	0.400000	0.500000
820925739	771441227	90_Scapto_012.fasta	F_florum.DSM-22689.fasta	59.511308	1289	1381	650	0.486891	0.400000	0.500000
820925739	569010969	90_Scapto_012.fasta	L_kosoi.strain-NBRC-113063.fasta	64.309952	1289	1411	829	0.614074	0.400000	0.500000
820925739	284667070	90_Scapto_012.fasta	A_jinshanensis.strain-HSLZ-75.fasta	63.836551	1289	1543	777	0.548729	0.400000	0.500000
820925739	940568383	90_Scapto_012.fasta	22_Melli_029.fasta	64.232599	1289	1706	862	0.575626	0.400000	0.500000
820925739	588494232	90_Scapto_012.fasta	90_Scapto_barcode20.fasta	64.415060	1289	1325	747	0.571538	0.400000	0.500000
820925739	730450813	90_Scapto_012.fasta	F_lindneri.DSM-20690.fasta	61.042692	1289	1478	691	0.499458	0.400000	0.500000
820925739	1027334324	90_Scapto_012.fasta	A_jinshanensis.brasiliensis.fasta	66.080821	1289	1347	670	0.508346	0.400000	0.500000
820925739	808671099	90_Scapto_012.fasta	A_quenuiae.strain-HV-6.fasta	64.330158	1289	1542	824	0.582126	0.400000	0.500000
820925739	768545654	90_Scapto_012.fasta	92_Scapto_002.fasta	79.230440	1289	1178	864	0.700446	0.400000	0.500000
820925739	1036785887	90_Scapto_012.fasta	23_Scapto_001.fasta	79.360563	1289	1248	871	0.686638	0.400000	0.500000
820925739	560967228	90_Scapto_012.fasta	46_Melli_022.fasta	64.296273	1289	1520	711	0.506230	0.400000	0.500000
820925739	612612514	90_Scapto_012.fasta	89_Scapto_002.fasta	99.822474	1289	1240	1148	0.907869	0.400000	0.500000
820925739	820925739	90_Scapto_012.fasta	90_Scapto_012.fasta	100.000000	1289	1289	1288	0.999224	0.400000	0.500000
820925739	274891167	90_Scapto_012.fasta	89_Scapto_001.fasta	79.184189	1289	1173	876	0.711617	0.400000	0.500000
820925739	1014861920	90_Scapto_012.fasta	45_Melli_016.fasta	64.285935	1289	1659	711	0.482361	0.400000	0.500000
820925739	272623363	90_Scapto_012.fasta	40_Melli_029.fasta	64.523960	1289	1544	697	0.492058	0.400000	0.500000
820925739	915029192	90_Scapto_012.fasta	41_Melli_001.fasta	64.333450	1289	1673	858	0.579338	0.400000	0.500000
820925739	131356186	90_Scapto_012.fasta	L_senioris.DSM-24302.fasta	61.395295	1289	1594	712	0.493930	0.400000	0.500000
274891167	573237050	89_Scapto_001.fasta	A_jinshanensis.sub-aerogenes.fasta	63.506634	1173	1561	716	0.523775	0.400000	0.500000
274891167	824902336	89_Scapto_001.fasta	F_fructivorans.strain-DSM-20203.fasta	62.269863	1173	1351	657	0.520602	0.400000	0.500000
274891167	75270993	89_Scapto_001.fasta	92_Scapto_009.fasta	79.185525	1173	1202	829	0.698105	0.400000	0.500000
274891167	953307900	89_Scapto_001.fasta	42_Melli_004.fasta	99.167415	1173	1163	1114	0.953767	0.400000	0.500000
274891167	1052490636	89_Scapto_001.fasta	39_Melli_barcode04.fasta	64.745309	1173	1664	842	0.593585	0.400000	0.500000
274891167	324979511	89_Scapto_001.fasta	40_Melli_barcode03.fasta	64.648824	1173	1789	850	0.573937	0.400000	0.500000
274891167	762378046	89_Scapto_001.fasta	47_Melli_001.fasta	64.763232	1173	1896	854	0.556533	0.400000	0.500000
274891167	653875641	89_Scapto_001.fasta	45_Melli_020.fasta	64.709224	1173	1843	851	0.564324	0.400000	0.500000
274891167	135250698	89_Scapto_001.fasta	F_sanfranciscensis.DSM-20451.fasta	60.614531	1173	1324	640	0.512615	0.400000	0.500000
274891167	12712425	89_Scapto_001.fasta	51_Scapto_004.fasta	79.378935	1173	1296	883	0.715269	0.400000	0.500000
274891167	805176975	89_Scapto_001.fasta	A_apinorum.strain-Fhon13.fasta	63.885714	1173	1335	742	0.591707	0.400000	0.500000
274891167	113627661	89_Scapto_001.fasta	L_Lactobacillus.spSy-1.fasta	64.631716	1173	1734	845	0.581355	0.400000	0.500000
274891167	552191896	89_Scapto_001.fasta	A_timberlakei.strain-HV-12.fasta	64.511951	1173	1568	774	0.564757	0.400000	0.500000
274891167	958242321	89_Scapto_001.fasta	Nicoliella_spurrieriana_SGEP1_A5.fasta	64.444326	1173	1700	846	0.588931	0.400000	0.500000
274891167	110467787	89_Scapto_001.fasta	Nicoliella_lavandulae_Es01.fasta	64.973229	1173	1756	861	0.587914	0.400000	0.500000
274891167	644597546	89_Scapto_001.fasta	A_micheneri.strain-Hlig3.fasta	64.792008	1173	1477	757	0.571321	0.400000	0.500000
274891167	723955435	89_Scapto_001.fasta	A_kunkeei.DSM-12361.fasta	63.997392	1173	1380	767	0.600862	0.400000	0.500000
274891167	679189795	89_Scapto_001.fasta	A_ozensis.DSM-23829.fasta	64.334555	1173	1465	764	0.579227	0.400000	0.500000
274891167	771441227	89_Scapto_001.fasta	F_florum.DSM-22689.fasta	59.901047	1173	1381	621	0.486296	0.400000	0.500000
274891167	569010969	89_Scapto_001.fasta	L_kosoi.strain-NBRC-113063.fasta	64.611840	1173	1411	777	0.601393	0.400000	0.500000
274891167	284667070	89_Scapto_001.fasta	A_jinshanensis.strain-HSLZ-75.fasta	63.551406	1173	1543	711	0.523564	0.400000	0.500000
274891167	940568383	89_Scapto_001.fasta	22_Melli_029.fasta	64.778781	1173	1706	853	0.592567	0.400000	0.500000
274891167	588494232	89_Scapto_001.fasta	90_Scapto_barcode20.fasta	64.994178	1173	1325	730	0.584468	0.400000	0.500000
274891167	730450813	89_Scapto_001.fasta	F_lindneri.DSM-20690.fasta	60.897333	1173	1478	675	0.509242	0.400000	0.500000
274891167	1027334324	89_Scapto_001.fasta	A_jinshanensis.brasiliensis.fasta	65.816297	1173	1347	586	0.465079	0.400000	0.500000
274891167	808671099	89_Scapto_001.fasta	A_quenuiae.strain-HV-6.fasta	64.527432	1173	1542	771	0.567956	0.400000	0.500000
274891167	768545654	89_Scapto_001.fasta	92_Scapto_002.fasta	99.566787	1173	1178	1108	0.942578	0.400000	0.500000
274891167	1036785887	89_Scapto_001.fasta	23_Scapto_001.fasta	99.649110	1173	1248	1123	0.927716	0.400000	0.500000
274891167	560967228	89_Scapto_001.fasta	46_Melli_022.fasta	64.522263	1173	1520	685	0.508726	0.400000	0.500000
274891167	612612514	89_Scapto_001.fasta	89_Scapto_002.fasta	79.247420	1173	1240	872	0.722752	0.400000	0.500000
274891167	820925739	89_Scapto_001.fasta	90_Scapto_012.fasta	79.184189	1173	1289	876	0.711617	0.400000	0.500000
274891167	274891167	89_Scapto_001.fasta	89_Scapto_001.fasta	100.000000	1173	1173	1173	1.000000	0.400000	0.500000
274891167	1014861920	89_Scapto_001.fasta	45_Melli_016.fasta	64.511022	1173	1659	685	0.483757	0.400000	0.500000
274891167	272623363	89_Scapto_001.fasta	40_Melli_029.fasta	64.742180	1173	1544	665	0.489510	0.400000	0.500000
274891167	915029192	89_Scapto_001.fasta	41_Melli_001.fasta	64.806514	1173	1673	852	0.598735	0.400000	0.500000
274891167	131356186	89_Scapto_001.fasta	L_senioris.DSM-24302.fasta	61.833180	1173	1594	651	0.470546	0.400000	0.500000
1014861920	573237050	45_Melli_016.fasta	A_jinshanensis.sub-aerogenes.fasta	61.952270	1659	1561	705	0.437888	0.400000	0.500000
1014861920	824902336	45_Melli_016.fasta	F_fructivorans.strain-DSM-20203.fasta	62.861079	1659	1351	686	0.455814	0.400000	0.500000
1014861920	75270993	45_Melli_016.fasta	92_Scapto_009.fasta	64.259599	1659	1202	698	0.487941	0.400000	0.500000
1014861920	953307900	45_Melli_016.fasta	42_Melli_004.fasta	64.490757	1659	1163	687	0.486889	0.400000	0.500000
1014861920	1052490636	45_Melli_016.fasta	39_Melli_barcode04.fasta	72.020636	1659	1664	991	0.596449	0.400000	0.500000
1014861920	324979511	45_Melli_016.fasta	40_Melli_barcode03.fasta	71.943424	1659	1789	996	0.577726	0.400000	0.500000
1014861920	762378046	45_Melli_016.fasta	47_Melli_001.fasta	71.834789	1659	1896	996	0.560338	0.400000	0.500000
1014861920	653875641	45_Melli_016.fasta	45_Melli_020.fasta	71.970721	1659	1843	999	0.570531	0.400000	0.500000
1014861920	135250698	45_Melli_016.fasta	F_sanfranciscensis.DSM-20451.fasta	61.786036	1659	1324	666	0.446530	0.400000	0.500000
1014861920	12712425	45_Melli_016.fasta	51_Scapto_004.fasta	64.232173	1659	1296	718	0.485956	0.400000	0.500000
1014861920	805176975	45_Melli_016.fasta	A_apinorum.strain-Fhon13.fasta	64.814533	1659	1335	781	0.521710	0.400000	0.500000
1014861920	113627661	45_Melli_016.fasta	L_Lactobacillus.spSy-1.fasta	68.702898	1659	1734	949	0.559387	0.400000	0.500000
1014861920	552191896	45_Melli_016.fasta	A_timberlakei.strain-HV-12.fasta	64.942075	1659	1568	776	0.480942	0.400000	0.500000
1014861920	958242321	45_Melli_016.fasta	Nicoliella_spurrieriana_SGEP1_A5.fasta	68.727691	1659	1700	957	0.569812	0.400000	0.500000
1014861920	110467787	45_Melli_016.fasta	Nicoliella_lavandulae_Es01.fasta	69.163330	1659	1756	964	0.564568	0.400000	0.500000
1014861920	644597546	45_Melli_016.fasta	A_micheneri.strain-Hlig3.fasta	65.092253	1659	1477	768	0.489796	0.400000	0.500000
1014861920	723955435	45_Melli_016.fasta	A_kunkeei.DSM-12361.fasta	65.039698	1659	1380	796	0.523857	0.400000	0.500000
1014861920	679189795	45_Melli_016.fasta	A_ozensis.DSM-23829.fasta	64.922335	1659	1465	788	0.504481	0.400000	0.500000
1014861920	771441227	45_Melli_016.fasta	F_florum.DSM-22689.fasta	60.317139	1659	1381	671	0.441447	0.400000	0.500000
1014861920	569010969	45_Melli_016.fasta	L_kosoi.strain-NBRC-113063.fasta	65.026154	1659	1411	780	0.508143	0.400000	0.500000
1014861920	284667070	45_Melli_016.fasta	A_jinshanensis.strain-HSLZ-75.fasta	61.905143	1659	1543	700	0.437227	0.400000	0.500000
1014861920	940568383	45_Melli_016.fasta	22_Melli_029.fasta	71.785492	1659	1706	996	0.591976	0.400000	0.500000
1014861920	588494232	45_Melli_016.fasta	90_Scapto_barcode20.fasta	69.606688	1659	1325	770	0.516086	0.400000	0.500000
1014861920	730450813	45_Melli_016.fasta	F_lindneri.DSM-20690.fasta	61.767101	1659	1478	690	0.439911	0.400000	0.500000
1014861920	1027334324	45_Melli_016.fasta	A_jinshanensis.brasiliensis.fasta	63.553976	1659	1347	591	0.393214	0.400000	0.500000
1014861920	808671099	45_Melli_016.fasta	A_quenuiae.strain-HV-6.fasta	65.041826	1659	1542	783	0.489222	0.400000	0.500000
1014861920	768545654	45_Melli_016.fasta	92_Scapto_002.fasta	64.618907	1659	1178	677	0.477265	0.400000	0.500000
1014861920	1036785887	45_Melli_016.fasta	23_Scapto_001.fasta	64.557879	1659	1248	679	0.467148	0.400000	0.500000
1014861920	560967228	45_Melli_016.fasta	46_Melli_022.fasta	99.931103	1659	1520	1450	0.912237	0.400000	0.500000
1014861920	612612514	45_Melli_016.fasta	89_Scapto_002.fasta	64.277349	1659	1240	713	0.491894	0.400000	0.500000
1014861920	820925739	45_Melli_016.fasta	90_Scapto_012.fasta	64.285935	1659	1289	711	0.482361	0.400000	0.500000
1014861920	274891167	45_Melli_016.fasta	89_Scapto_001.fasta	64.511022	1659	1173	685	0.483757	0.400000	0.500000
1014861920	1014861920	45_Melli_016.fasta	45_Melli_016.fasta	100.000000	1659	1659	1656	0.998192	0.400000	0.500000
1014861920	272623363	45_Melli_016.fasta	40_Melli_029.fasta	99.662179	1659	1544	1322	0.825476	0.400000	0.500000
1014861920	915029192	45_Melli_016.fasta	41_Melli_001.fasta	71.840543	1659	1673	994	0.596639	0.400000	0.500000
1014861920	131356186	45_Melli_016.fasta	L_senioris.DSM-24302.fasta	62.799128	1659	1594	688	0.422994	0.400000	0.500000
272623363	573237050	40_Melli_029.fasta	A_jinshanensis.sub-aerogenes.fasta	62.207038	1544	1561	682	0.439291	0.400000	0.500000
272623363	824902336	40_Melli_029.fasta	F_fructivorans.strain-DSM-20203.fasta	63.232057	1544	1351	666	0.460104	0.400000	0.500000
272623363	75270993	40_Melli_029.fasta	92_Scapto_009.fasta	64.526501	1544	1202	683	0.497451	0.400000	0.500000
272623363	953307900	40_Melli_029.fasta	42_Melli_004.fasta	64.798801	1544	1163	667	0.492796	0.400000	0.500000
272623363	1052490636	40_Melli_029.fasta	39_Melli_barcode04.fasta	68.642951	1544	1664	915	0.570449	0.400000	0.500000
272623363	324979511	40_Melli_029.fasta	40_Melli_barcode03.fasta	68.541594	1544	1789	922	0.553255	0.400000	0.500000
272623363	762378046	40_Melli_029.fasta	47_Melli_001.fasta	68.804428	1544	1896	926	0.538372	0.400000	0.500000
272623363	653875641	40_Melli_029.fasta	45_Melli_020.fasta	68.833768	1544	1843	921	0.543844	0.400000	0.500000
272623363	135250698	40_Melli_029.fasta	F_sanfranciscensis.DSM-20451.fasta	62.066309	1544	1324	653	0.455370	0.400000	0.500000
272623363	12712425	40_Melli_029.fasta	51_Scapto_004.fasta	64.507632	1544	1296	701	0.493662	0.400000	0.500000
272623363	805176975	40_Melli_029.fasta	A_apinorum.strain-Fhon13.fasta	65.009383	1544	1335	762	0.529350	0.400000	0.500000
272623363	113627661	40_Melli_029.fasta	L_Lactobacillus.spSy-1.fasta	68.323559	1544	1734	902	0.550336	0.400000	0.500000
272623363	552191896	40_Melli_029.fasta	A_timberlakei.strain-HV-12.fasta	65.320388	1544	1568	748	0.480720	0.400000	0.500000
272623363	958242321	40_Melli_029.fasta	Nicoliella_spurrieriana_SGEP1_A5.fasta	68.412666	1544	1700	904	0.557337	0.400000	0.500000
272623363	110467787	40_Melli_029.fasta	Nicoliella_lavandulae_Es01.fasta	68.754650	1544	1756	914	0.553939	0.400000	0.500000
272623363	644597546	40_Melli_029.fasta	A_micheneri.strain-Hlig3.fasta	65.467432	1544	1477	740	0.489904	0.400000	0.500000
272623363	723955435	40_Melli_029.fasta	A_kunkeei.DSM-12361.fasta	65.247552	1544	1380	776	0.530780	0.400000	0.500000
272623363	679189795	40_Melli_029.fasta	A_ozensis.DSM-23829.fasta	65.259724	1544	1465	761	0.505816	0.400000	0.500000
272623363	771441227	40_Melli_029.fasta	F_florum.DSM-22689.fasta	60.686907	1544	1381	653	0.446496	0.400000	0.500000
272623363	569010969	40_Melli_029.fasta	L_kosoi.strain-NBRC-113063.fasta	65.394622	1544	1411	753	0.509645	0.400000	0.500000
272623363	284667070	40_Melli_029.fasta	A_jinshanensis.strain-HSLZ-75.fasta	62.167231	1544	1543	679	0.439909	0.400000	0.500000
272623363	940568383	40_Melli_029.fasta	22_Melli_029.fasta	68.760130	1544	1706	923	0.568000	0.400000	0.500000
272623363	588494232	40_Melli_029.fasta	90_Scapto_barcode20.fasta	68.802294	1544	1325	741	0.516556	0.400000	0.500000
272623363	730450813	40_Melli_029.fasta	F_lindneri.DSM-20690.fasta	62.114032	1544	1478	677	0.448048	0.400000	0.500000
272623363	1027334324	40_Melli_029.fasta	A_jinshanensis.brasiliensis.fasta	63.755314	1544	1347	574	0.397094	0.400000	0.500000
272623363	808671099	40_Melli_029.fasta	A_quenuiae.strain-HV-6.fasta	65.321438	1544	1542	758	0.491251	0.400000	0.500000
272623363	768545654	40_Melli_029.fasta	92_Scapto_002.fasta	64.784294	1544	1178	659	0.484203	0.400000	0.500000
272623363	1036785887	40_Melli_029.fasta	23_Scapto_001.fasta	64.766388	1544	1248	659	0.472063	0.400000	0.500000
272623363	560967228	40_Melli_029.fasta	46_Melli_022.fasta	99.650202	1544	1520	1239	0.808747	0.400000	0.500000
272623363	612612514	40_Melli_029.fasta	89_Scapto_002.fasta	64.522055	1544	1240	696	0.500000	0.400000	0.500000
272623363	820925739	40_Melli_029.fasta	90_Scapto_012.fasta	64.537229	1544	1289	693	0.489234	0.400000	0.500000
272623363	274891167	40_Melli_029.fasta	89_Scapto_001.fasta	64.742180	1544	1173	665	0.489510	0.400000	0.500000
272623363	1014861920	40_Melli_029.fasta	45_Melli_016.fasta	99.662179	1544	1659	1322	0.825476	0.400000	0.500000
272623363	272623363	40_Melli_029.fasta	40_Melli_029.fasta	100.000000	1544	1544	1543	0.999352	0.400000	0.500000
272623363	915029192	40_Melli_029.fasta	41_Melli_001.fasta	68.886078	1544	1673	923	0.573827	0.400000	0.500000
272623363	131356186	40_Melli_029.fasta	L_senioris.DSM-24302.fasta	63.159417	1544	1594	669	0.426386	0.400000	0.500000
915029192	573237050	41_Melli_001.fasta	A_jinshanensis.sub-aerogenes.fasta	61.583006	1673	1561	815	0.504020	0.400000	0.500000
915029192	824902336	41_Melli_001.fasta	F_fructivorans.strain-DSM-20203.fasta	63.114639	1673	1351	789	0.521825	0.400000	0.500000
915029192	75270993	41_Melli_001.fasta	92_Scapto_009.fasta	64.404872	1673	1202	821	0.571130	0.400000	0.500000
915029192	953307900	41_Melli_001.fasta	42_Melli_004.fasta	64.844712	1673	1163	851	0.600141	0.400000	0.500000
915029192	1052490636	41_Melli_001.fasta	39_Melli_barcode04.fasta	99.727599	1673	1664	1520	0.910998	0.400000	0.500000
915029192	324979511	41_Melli_001.fasta	40_Melli_barcode03.fasta	99.663612	1673	1789	1506	0.870017	0.400000	0.500000
915029192	762378046	41_Melli_001.fasta	47_Melli_001.fasta	99.739509	1673	1896	1587	0.889325	0.400000	0.500000
915029192	653875641	41_Melli_001.fasta	45_Melli_020.fasta	99.738623	1673	1843	1569	0.892491	0.400000	0.500000
915029192	135250698	41_Melli_001.fasta	F_sanfranciscensis.DSM-20451.fasta	61.747368	1673	1324	760	0.507174	0.400000	0.500000
915029192	12712425	41_Melli_001.fasta	51_Scapto_004.fasta	64.265575	1673	1296	870	0.586056	0.400000	0.500000
915029192	805176975	41_Melli_001.fasta	A_apinorum.strain-Fhon13.fasta	65.539722	1673	1335	934	0.621011	0.400000	0.500000
915029192	113627661	41_Melli_001.fasta	L_Lactobacillus.spSy-1.fasta	79.327650	1673	1734	1302	0.764309	0.400000	0.500000
915029192	552191896	41_Melli_001.fasta	A_timberlakei.strain-HV-12.fasta	65.703661	1673	1568	956	0.589941	0.400000	0.500000
915029192	958242321	41_Melli_001.fasta	Nicoliella_spurrieriana_SGEP1_A5.fasta	78.524023	1673	1700	1305	0.773792	0.400000	0.500000
915029192	110467787	41_Melli_001.fasta	Nicoliella_lavandulae_Es01.fasta	80.396104	1673	1756	1309	0.763488	0.400000	0.500000
915029192	644597546	41_Melli_001.fasta	A_micheneri.strain-Hlig3.fasta	66.219600	1673	1477	926	0.587937	0.400000	0.500000
915029192	723955435	41_Melli_001.fasta	A_kunkeei.DSM-12361.fasta	65.916806	1673	1380	955	0.625614	0.400000	0.500000
915029192	679189795	41_Melli_001.fasta	A_ozensis.DSM-23829.fasta	65.613437	1673	1465	934	0.595284	0.400000	0.500000
915029192	771441227	41_Melli_001.fasta	F_florum.DSM-22689.fasta	60.862433	1673	1381	744	0.487230	0.400000	0.500000
915029192	569010969	41_Melli_001.fasta	L_kosoi.strain-NBRC-113063.fasta	65.928936	1673	1411	940	0.609598	0.400000	0.500000
915029192	284667070	41_Melli_001.fasta	A_jinshanensis.strain-HSLZ-75.fasta	61.558272	1673	1543	810	0.503731	0.400000	0.500000
915029192	940568383	41_Melli_001.fasta	22_Melli_029.fasta	99.801215	1673	1706	1564	0.925718	0.400000	0.500000
915029192	588494232	41_Melli_001.fasta	90_Scapto_barcode20.fasta	89.931202	1673	1325	1040	0.693796	0.400000	0.500000
915029192	730450813	41_Melli_001.fasta	F_lindneri.DSM-20690.fasta	62.182422	1673	1478	805	0.510949	0.400000	0.500000
915029192	1027334324	41_Melli_001.fasta	A_jinshanensis.brasiliensis.fasta	63.676588	1673	1347	677	0.448344	0.400000	0.500000
915029192	808671099	41_Melli_001.fasta	A_quenuiae.strain-HV-6.fasta	65.641841	1673	1542	956	0.594712	0.400000	0.500000
915029192	768545654	41_Melli_001.fasta	92_Scapto_002.fasta	64.882796	1673	1178	837	0.587162	0.400000	0.500000
915029192	1036785887	41_Melli_001.fasta	23_Scapto_001.fasta	64.797872	1673	1248	846	0.579254	0.400000	0.500000
915029192	560967228	41_Melli_001.fasta	46_Melli_022.fasta	71.914322	1673	1520	995	0.623238	0.400000	0.500000
915029192	612612514	41_Melli_001.fasta	89_Scapto_002.fasta	64.317477	1673	1240	864	0.593203	0.400000	0.500000
915029192	820925739	41_Melli_001.fasta	90_Scapto_012.fasta	64.329089	1673	1289	856	0.577988	0.400000	0.500000
915029192	274891167	41_Melli_001.fasta	89_Scapto_001.fasta	64.806514	1673	1173	852	0.598735	0.400000	0.500000
915029192	1014861920	41_Melli_001.fasta	45_Melli_016.fasta	71.840543	1673	1659	994	0.596639	0.400000	0.500000
915029192	272623363	41_Melli_001.fasta	40_Melli_029.fasta	68.864946	1673	1544	920	0.571961	0.400000	0.500000
915029192	915029192	41_Melli_001.fasta	41_Melli_001.fasta	100.000000	1673	1673	1672	0.999402	0.400000	0.500000
915029192	131356186	41_Melli_001.fasta	L_senioris.DSM-24302.fasta	63.578033	1673	1594	783	0.479339	0.400000	0.500000
131356186	573237050	L_senioris.DSM-24302.fasta	A_jinshanensis.sub-aerogenes.fasta	59.094239	1594	1561	677	0.429160	0.400000	0.500000
131356186	824902336	L_senioris.DSM-24302.fasta	F_fructivorans.strain-DSM-20203.fasta	62.730725	1594	1351	786	0.533786	0.400000	0.500000
131356186	75270993	L_senioris.DSM-24302.fasta	92_Scapto_009.fasta	61.421165	1594	1202	678	0.484979	0.400000	0.500000
131356186	953307900	L_senioris.DSM-24302.fasta	42_Melli_004.fasta	61.928560	1594	1163	653	0.473703	0.400000	0.500000
131356186	1052490636	L_senioris.DSM-24302.fasta	39_Melli_barcode04.fasta	63.506429	1594	1664	770	0.472683	0.400000	0.500000
131356186	324979511	L_senioris.DSM-24302.fasta	40_Melli_barcode03.fasta	63.600899	1594	1789	779	0.460538	0.400000	0.500000
131356186	762378046	L_senioris.DSM-24302.fasta	47_Melli_001.fasta	63.550000	1594	1896	782	0.448138	0.400000	0.500000
131356186	653875641	L_senioris.DSM-24302.fasta	45_Melli_020.fasta	63.555619	1594	1843	783	0.455630	0.400000	0.500000
131356186	135250698	L_senioris.DSM-24302.fasta	F_sanfranciscensis.DSM-20451.fasta	61.378415	1594	1324	732	0.501714	0.400000	0.500000
131356186	12712425	L_senioris.DSM-24302.fasta	51_Scapto_004.fasta	61.374162	1594	1296	716	0.495502	0.400000	0.500000
131356186	805176975	L_senioris.DSM-24302.fasta	A_apinorum.strain-Fhon13.fasta	63.181439	1594	1335	792	0.540799	0.400000	0.500000
131356186	113627661	L_senioris.DSM-24302.fasta	L_Lactobacillus.spSy-1.fasta	63.610398	1594	1734	779	0.468149	0.400000	0.500000
131356186	552191896	L_senioris.DSM-24302.fasta	A_timberlakei.strain-HV-12.fasta	63.417416	1594	1568	778	0.492094	0.400000	0.500000
131356186	958242321	L_senioris.DSM-24302.fasta	Nicoliella_spurrieriana_SGEP1_A5.fasta	63.489155	1594	1700	793	0.481481	0.400000	0.500000
131356186	110467787	L_senioris.DSM-24302.fasta	Nicoliella_lavandulae_Es01.fasta	63.584414	1594	1756	802	0.478806	0.400000	0.500000
131356186	644597546	L_senioris.DSM-24302.fasta	A_micheneri.strain-Hlig3.fasta	63.550194	1594	1477	775	0.504722	0.400000	0.500000
131356186	723955435	L_senioris.DSM-24302.fasta	A_kunkeei.DSM-12361.fasta	63.569328	1594	1380	789	0.530599	0.400000	0.500000
131356186	679189795	L_senioris.DSM-24302.fasta	A_ozensis.DSM-23829.fasta	63.764078	1594	1465	792	0.517816	0.400000	0.500000
131356186	771441227	L_senioris.DSM-24302.fasta	F_florum.DSM-22689.fasta	60.602426	1594	1381	742	0.498824	0.400000	0.500000
131356186	569010969	L_senioris.DSM-24302.fasta	L_kosoi.strain-NBRC-113063.fasta	63.566216	1594	1411	777	0.517138	0.400000	0.500000
131356186	284667070	L_senioris.DSM-24302.fasta	A_jinshanensis.strain-HSLZ-75.fasta	59.123111	1594	1543	675	0.430347	0.400000	0.500000
131356186	940568383	L_senioris.DSM-24302.fasta	22_Melli_029.fasta	63.520472	1594	1706	784	0.475152	0.400000	0.500000
131356186	588494232	L_senioris.DSM-24302.fasta	90_Scapto_barcode20.fasta	64.006433	1594	1325	684	0.468654	0.400000	0.500000
131356186	730450813	L_senioris.DSM-24302.fasta	F_lindneri.DSM-20690.fasta	61.842783	1594	1478	769	0.500651	0.400000	0.500000
131356186	1027334324	L_senioris.DSM-24302.fasta	A_jinshanensis.brasiliensis.fasta	60.739597	1594	1347	596	0.405304	0.400000	0.500000
131356186	808671099	L_senioris.DSM-24302.fasta	A_quenuiae.strain-HV-6.fasta	63.317136	1594	1542	782	0.498724	0.400000	0.500000
131356186	768545654	L_senioris.DSM-24302.fasta	92_Scapto_002.fasta	61.854923	1594	1178	650	0.468975	0.400000	0.500000
131356186	1036785887	L_senioris.DSM-24302.fasta	23_Scapto_001.fasta	61.875348	1594	1248	647	0.455313	0.400000	0.500000
131356186	560967228	L_senioris.DSM-24302.fasta	46_Melli_022.fasta	62.836827	1594	1520	687	0.441233	0.400000	0.500000
131356186	612612514	L_senioris.DSM-24302.fasta	89_Scapto_002.fasta	61.454705	1594	1240	712	0.502470	0.400000	0.500000
131356186	820925739	L_senioris.DSM-24302.fasta	90_Scapto_012.fasta	61.395295	1594	1289	712	0.493930	0.400000	0.500000
131356186	274891167	L_senioris.DSM-24302.fasta	89_Scapto_001.fasta	61.833180	1594	1173	651	0.470546	0.400000	0.500000
131356186	1014861920	L_senioris.DSM-24302.fasta	45_Melli_016.fasta	62.799128	1594	1659	688	0.422994	0.400000	0.500000
131356186	272623363	L_senioris.DSM-24302.fasta	40_Melli_029.fasta	63.159417	1594	1544	669	0.426386	0.400000	0.500000
131356186	915029192	L_senioris.DSM-24302.fasta	41_Melli_001.fasta	63.578033	1594	1673	783	0.479339	0.400000	0.500000
131356186	131356186	L_senioris.DSM-24302.fasta	L_senioris.DSM-24302.fasta	100.000000	1594	1594	1594	1.000000	0.400000	0.500000
